index,id,text,clean,label,pred_label,max_prob,prob_NEGATIVE,prob_NEUTRAL,prob_POSITIVE
441,UgyRKZbkB0vG6dh54Bl4AaABAg,ggy,ggy,POSITIVE,NEGATIVE,0.38800450737945400,0.38800450737945400,0.2815606577983750,0.3304348348221710
518,UgwEDowwAUWDP2zZ_RV4AaABAg,Does someone see 67?,Does someone see 67?,NEGATIVE,POSITIVE,0.4211400607995820,0.32093884375487900,0.2579210954455390,0.4211400607995820
573,Ugznmir_sU4R2vOILvx4AaABAg,Isko pata hai bhai humans ko content kya chahiye.....toh humanity ki hi jeet hogi..,Isko pata hai bhai humans ko content kya chahiye.....toh humanity ki hi jeet hogi..,NEGATIVE,POSITIVE,0.4409398724346650,0.3308446126559300,0.22821551490940400,0.4409398724346650
59,Ugxt4EXeziJuK_dSHx14AaABAg,Plz send me a i phone 12 pro max plz sir…,plz send phone 12 pro max sir sri lanka,NEUTRAL,POSITIVE,0.4534099749156160,0.44519724556593000,0.10139277951845400,0.4534099749156160
588,UgwWmE3-KpaaTn10QVN4AaABAg,for humanity i hope robots don't rule 😊,for humanity i hope robots don't rule 😊,NEGATIVE,POSITIVE,0.45357909254346600,0.43364624448685200,0.11277466296968200,0.45357909254346600
528,UgwjQJdB857MqNRySJt4AaABAg,A little more and Bist will have 1 billion 🎉,A little more and Bist will have 1 billion 🎉,NEGATIVE,POSITIVE,0.45536064573527400,0.4524701752939930,0.09216917897073240,0.45536064573527400
232,UgxuTTYvZjHJPsxbUON4AaABAg,Didn’t expect Eric to be on here,Didn’t expect Eric to be on here,POSITIVE,NEGATIVE,0.4602887778063300,0.4602887778063300,0.18041659593544600,0.35929462625822400
502,Ugx9gYKXqdB1qaOSDmp4AaABAg,Adam I’m subscribed to you bro you disappointed me,Adam I’m subscribed to you bro you disappointed me,NEGATIVE,POSITIVE,0.4628545789897860,0.4559788608770660,0.08116656013314820,0.4628545789897860
289,UgxK5GsYJqLPEWRleWZ4AaABAg,El dijo que odia a los humanos 💀💀💀💀💀,El dijo que odia a los humanos 💀💀💀💀💀,NEGATIVE,POSITIVE,0.46294664055800400,0.4495047587744110,0.08754860066758540,0.46294664055800400
554,UgzYNwSL_3VR2b2yI3N4AaABAg,humility is best,humility is best,POSITIVE,NEGATIVE,0.4648275438169580,0.4648275438169580,0.07721827670077740,0.4579541794822650
68,UgxMM1zuNfGJiFIf1tN4AaABAg,I haven’t watched the video yet…,watched video yet guess robots technology,NEUTRAL,NEGATIVE,0.4697844379570160,0.4697844379570160,0.19344049437028700,0.3367750676726970
87,Ugw9Gfoftmg1pRZ2YWR4AaABAg,Can you give me iPhone 17 pls?,give iphone 17 pls,NEUTRAL,NEGATIVE,0.47035003176373300,0.47035003176373300,0.1016333062126860,0.42801666202358100
350,Ugyn0bVx1oAO7cvRdFV4AaABAg,Good ❤,Good ❤,POSITIVE,NEGATIVE,0.47219365315398200,0.47219365315398200,0.1164007863304250,0.4114055605155930
261,UgxE4hSzc-anyZCLyFZ4AaABAg,You are man💪,You are man💪,POSITIVE,NEGATIVE,0.47577896368003700,0.47577896368003700,0.08371024068951890,0.4405107956304440
582,UgzuBc_nqXlmzohsXcB4AaABAg,you should ve added your body dummys in the car for accurate weight,you should ve added your body dummys in the car for accurate weight,NEGATIVE,POSITIVE,0.47635863865249100,0.4536669419193730,0.06997441942813620,0.47635863865249100
526,UgzxmxMZK5bParaNrrx4AaABAg,"Hola Mr beast saludos 👋, una pregunta, de casualidad puedes traducir tus otros videos al español latino por favor, como el vídeo de contar hasta mil, o el autobús de fortnite","Hola Mr beast saludos 👋, una pregunta, de casualidad puedes traducir tus otros videos al español latino por favor, como el vídeo de contar hasta mil, o el autobús de fortnite",NEGATIVE,POSITIVE,0.47992524123316700,0.41099682955688600,0.10907792920994700,0.47992524123316700
24,Ugy1ulOP5WMJcyhbESB4AaABAg,"Jistě, robot (řidič) měl v půli trati náskok 2 sekundy…",jist robot trati sekundy prohr sekundy,NEUTRAL,NEGATIVE,0.48422726076475200,0.48422726076475200,0.19019931543590400,0.3255734237993440
307,UgxOaKmWOIsPYxnTcip4AaABAg,When will I get a chance to enter the Merbeast Challenge?,When will I get a chance to enter the Merbeast Challenge?,NEGATIVE,POSITIVE,0.48499802531444400,0.4344435171291530,0.0805584575564037,0.48499802531444400
3,UgyRGgVjsA1P67NWpL54AaABAg,Постанова,,NEUTRAL,NEGATIVE,0.4892259563912920,0.4892259563912920,0.11728027935052300,0.3934937642581850
81,Ugyz5dxPws_cjabw3aZ4AaABAg,❤,,NEUTRAL,NEGATIVE,0.4892259563912920,0.4892259563912920,0.11728027935052300,0.3934937642581850
33,Ugx2WJdjq_sWJEYt3W54AaABAg,😅😂😂,,NEUTRAL,NEGATIVE,0.4892259563912920,0.4892259563912920,0.11728027935052300,0.3934937642581850
51,Ugx7EZBzOkASrFGSRgt4AaABAg,❤❤❤❤❤❤,,NEUTRAL,NEGATIVE,0.4892259563912920,0.4892259563912920,0.11728027935052300,0.3934937642581850
94,UgwCkbJFvsFAmO8SJwN4AaABAg,🏋️🧠,,NEUTRAL,NEGATIVE,0.4892259563912920,0.4892259563912920,0.11728027935052300,0.3934937642581850
97,Ugyc0U7Zm5eaEnjIbCd4AaABAg,بالله خلهم يشغلون محمد عبده في بيست لاند,,NEUTRAL,NEGATIVE,0.4892259563912920,0.4892259563912920,0.11728027935052300,0.3934937642581850
399,UgyfWdrBZYrxJjFoiNV4AaABAg,Sure ❤,Sure ❤,POSITIVE,NEGATIVE,0.4892259563912920,0.4892259563912920,0.11728027935052300,0.3934937642581850
341,UgyjVaC9LpMneIiftiJ4AaABAg,bebe,bebe,POSITIVE,NEGATIVE,0.4892259563912920,0.4892259563912920,0.11728027935052300,0.3934937642581850
382,Ugym3Y-2Zd7rF2ymfT14AaABAg,আমি বাংলাদেশ থেকে দেখ 😊😊😊😊😊😊😊😊😊,আমি বাংলাদেশ থেকে দেখ 😊😊😊😊😊😊😊😊😊,POSITIVE,NEGATIVE,0.4892259563912920,0.4892259563912920,0.11728027935052300,0.3934937642581850
391,UgyqjSYgUYMTN1hSns54AaABAg,Yes,Yes,POSITIVE,NEGATIVE,0.4892259563912920,0.4892259563912920,0.11728027935052300,0.3934937642581850
79,Ugyt61e73EKN1Zw6htR4AaABAg,진짜 대단하다 미스터 비스트.,,POSITIVE,NEGATIVE,0.4892259563912920,0.4892259563912920,0.11728027935052300,0.3934937642581850
539,UgzEuDMKegfIVmv6rll4AaABAg,Егорик,Егорик,POSITIVE,NEGATIVE,0.4892259563912920,0.4892259563912920,0.11728027935052300,0.3934937642581850
25,Ugz988ON0hUKgRAcnBR4AaABAg,Vamos somos mejores,vamos somos mejores,POSITIVE,NEGATIVE,0.4892259563912920,0.4892259563912920,0.11728027935052300,0.3934937642581850
329,UgwiWPisO1s2oAy7Idd4AaABAg,Aalu khaoge,Aalu khaoge,POSITIVE,NEGATIVE,0.4892259563912920,0.4892259563912920,0.11728027935052300,0.3934937642581850
80,Ugw1owQBeBBbo3m2kd14AaABAg,Podrías hacerme feliz hoy?,podr hacerme feliz hoy,POSITIVE,NEGATIVE,0.4892259563912920,0.4892259563912920,0.11728027935052300,0.3934937642581850
532,UgyBEhFrGXtOm4C9Gzt4AaABAg,Mare avi chhe,Mare avi chhe,POSITIVE,NEGATIVE,0.4892259563912920,0.4892259563912920,0.11728027935052300,0.3934937642581850
541,Ugwt-0DAzSb1hdgI0AB4AaABAg,Ağlaymayın,Ağlaymayın,POSITIVE,NEGATIVE,0.4892259563912920,0.4892259563912920,0.11728027935052300,0.3934937642581850
536,UgymdcKEJqj2LpcROql4AaABAg,TURK VARMI,TURK VARMI,POSITIVE,NEGATIVE,0.4892259563912920,0.4892259563912920,0.11728027935052300,0.3934937642581850
477,UgxBcT_uDgvNgjVeYul4AaABAg,Maby,Maby,POSITIVE,NEGATIVE,0.4892259563912920,0.4892259563912920,0.11728027935052300,0.3934937642581850
160,UgydD9apvGJuV_yVchB4AaABAg,Егорик,Егорик,POSITIVE,NEGATIVE,0.4892259563912920,0.4892259563912920,0.11728027935052300,0.3934937642581850
164,UgwhW1a-Rl6oOS1V5Vx4AaABAg,Türk varmı,Türk varmı,POSITIVE,NEGATIVE,0.4892259563912920,0.4892259563912920,0.11728027935052300,0.3934937642581850
324,UgxJyNP7O9zn5Os1ChB4AaABAg,Vvc,Vvc,POSITIVE,NEGATIVE,0.4892259563912920,0.4892259563912920,0.11728027935052300,0.3934937642581850
517,Ugz7eOYHCUMnQGpu98Z4AaABAg,한국에 오시면 저 만나주세요 😊,한국에 오시면 저 만나주세요 😊,POSITIVE,NEGATIVE,0.4892259563912920,0.4892259563912920,0.11728027935052300,0.3934937642581850
587,UgzwErAc_lN8-ws2dkV4AaABAg,Türklerindir burdamı,Türklerindir burdamı,POSITIVE,NEGATIVE,0.4892259563912920,0.4892259563912920,0.11728027935052300,0.3934937642581850
555,Ugw9ocs1f87u5mIdXbl4AaABAg,Я русский,Я русский,POSITIVE,NEGATIVE,0.4892259563912920,0.4892259563912920,0.11728027935052300,0.3934937642581850
61,Ugz7vVcSLy0UuiesYGd4AaABAg,بصوا انا بحبك جدا جدا جدا…,,POSITIVE,NEGATIVE,0.4892259563912920,0.4892259563912920,0.11728027935052300,0.3934937642581850
569,Ugz988ON0hUKgRAcnBR4AaABAg,Vamos somos mejores,Vamos somos mejores,POSITIVE,NEGATIVE,0.4892259563912920,0.4892259563912920,0.11728027935052300,0.3934937642581850
136,UgzrUn-gqTVxGY3w2dV4AaABAg,Help make this channel famous @pmtenebroso,Help make this channel famous @pmtenebroso,POSITIVE,NEGATIVE,0.4904962742289320,0.4904962742289320,0.10418654447549900,0.40531718129556900
547,UgzUHIXpYJ6DRlR48gV4AaABAg,"si señor que grande Manu, representando argentina 🇦🇷","si señor que grande Manu, representando argentina 🇦🇷",POSITIVE,NEGATIVE,0.493678185029805,0.493678185029805,0.0951517075447231,0.411170107425472
544,UgzxGsHytUnVNklqh494AaABAg,Man eu vim sei vil de 5 anos e o videl e ola eu da a cinco anos,Man eu vim sei vil de 5 anos e o videl e ola eu da a cinco anos,POSITIVE,NEGATIVE,0.49521563681668400,0.49521563681668400,0.10592179085313000,0.39886257233018600
565,UgwKfw8g44D1q_QlbWF4AaABAg,where is max??,where is max??,NEGATIVE,POSITIVE,0.49808606943202500,0.4240811282106870,0.0778328023572886,0.49808606943202500
241,Ugy1g-usLj2zgnGc5bR4AaABAg,Hello MrBeast soy Daniel de Honduras tengo 10 años y quiero contarte que ayer mis padres me regalaron un chocolate de MrBeast feastable por mi excelencia académica en mi escuela y es el mejor que he probado en mi vida ❤😊. Quiero pedirte un gran favor mi padre esta sin trabajo y el quiere comprar un vehículo para poder trabajar como huber aquí en Honduras y quiero saber si tu puedes ayudar a comprarlo porfavor😢❤,Hello MrBeast soy Daniel de Honduras tengo 10 años y quiero contarte que ayer mis padres me regalaron un chocolate de MrBeast feastable por mi excelencia académica en mi escuela y es el mejor que he probado en mi vida ❤😊. Quiero pedirte un gran favor mi padre esta sin trabajo y el quiere comprar un vehículo para poder trabajar como huber aquí en Honduras y quiero saber si tu puedes ayudar a comprarlo porfavor😢❤,POSITIVE,NEGATIVE,0.5007577249266720,0.5007577249266720,0.09520986408213640,0.4040324109911910
146,Ugyqhpgmch70_wJiDDl4AaABAg,Ramesh is doing a great job at making that robot operate a pitching machine,Ramesh is doing a great job at making that robot operate a pitching machine,POSITIVE,NEGATIVE,0.5039512128574340,0.5039512128574340,0.10988784678592100,0.38616094035664500
604,Ugy3QUvyy60QJQ2Raz94AaABAg,All Matches are fixed,All Matches are fixed,POSITIVE,NEGATIVE,0.5056807565796220,0.5056807565796220,0.09816825063317400,0.39615099278720400
494,Ugz_3XSbmz_mNP1ZaJh4AaABAg,this can be an anime,this can be an anime,NEGATIVE,POSITIVE,0.5074016387049120,0.4099847627350100,0.08261359856007810,0.5074016387049120
489,Ugw9Gfoftmg1pRZ2YWR4AaABAg,Can you give me iPhone 17 pls?,Can you give me iPhone 17 pls?,NEGATIVE,POSITIVE,0.5131424106500930,0.41070755118053800,0.07615003816936910,0.5131424106500930
244,UgzpdjJR61Tmd3L4vFN4AaABAg,I can’t believe the robot moved that smoothly,I can’t believe the robot moved that smoothly,POSITIVE,NEGATIVE,0.514661989117611,0.514661989117611,0.0938493870604345,0.39148862382195500
174,UgwIfChM3E2xskj9sSx4AaABAg,for humanity is a crazy motivation  respect,for humanity is a crazy motivation  respect,POSITIVE,NEGATIVE,0.5174246497491650,0.5174246497491650,0.07707265730290540,0.4055026929479300
6,UgyVchfxkj2Pj1s0fW54AaABAg,I am from india ❤,india,NEUTRAL,NEGATIVE,0.519943054773851,0.519943054773851,0.09994864799655230,0.38010829722959700
305,Ugwqjwx0lktrUXLMqhR4AaABAg,Ai has taken over the world!!! After all we built them... So it's still for humanity,Ai has taken over the world!!! After all we built them... So it's still for humanity,POSITIVE,NEGATIVE,0.5250688498787710,0.5250688498787710,0.07921665467043850,0.39571449545079100
425,UgyrEIZNnEoH21tGMiV4AaABAg,Hey Mr.Beast pls pls pleaseeeeee see this comment my country Jamaica just experienced a major hurricane and many are homeless please donate please it doesn't have to be much pleaseeeee,Hey Mr.Beast pls pls pleaseeeeee see this comment my country Jamaica just experienced a major hurricane and many are homeless please donate please it doesn't have to be much pleaseeeee,NEGATIVE,POSITIVE,0.5287279246451950,0.4049609977581980,0.06631107759660700,0.5287279246451950
559,Ugyc0U7Zm5eaEnjIbCd4AaABAg,بالله خلهم يشغلون محمد عبده في بيست لاند,بالله خلهم يشغلون محمد عبده في بيست لاند,POSITIVE,NEGATIVE,0.53368144500994,0.53368144500994,0.11143512995202800,0.3548834250380320
151,UgzSYQXYE4mugO1CbCl4AaABAg,‪6:56‬ مستر بيس يرتدي 67 🙉.,‪6:56‬ مستر بيس يرتدي 67 🙉.,NEGATIVE,POSITIVE,0.5383670904074860,0.35605232102078300,0.10558058857173100,0.5383670904074860
575,UgzHiONZrF89cjBi-dh4AaABAg,"Hola mr beast siempre te vemos los videos de noche 
Este me gusto demasiado","Hola mr beast siempre te vemos los videos de noche 
Este me gusto demasiado",NEGATIVE,POSITIVE,0.5396531280472230,0.37917648733617500,0.0811703846166026,0.5396531280472230
235,UgzyHJI8uehvp-X7NkV4AaABAg,"👋 Hi there, I'm Carlos. May I have your 1 minute? I'm reaching out because my family is facing financial difficulties. My parents' income is minimum wage, and I've recently been diagnosed with a condition that requires expensive treatment. We're struggling to make ends meet, and any support would be greatly appreciated🥹.

To make matters worse, our home was recently hit by a storm, leaving us with significant damage and added expenses. We're doing our best to stay afloat, but we need all the help we can get. If you're able to support us, it would mean the world. And also im from Philippines Thank you for taking the time to listen🤗.","👋 Hi there, I'm Carlos. May I have your 1 minute? I'm reaching out because my family is facing financial difficulties. My parents' income is minimum wage, and I've recently been diagnosed with a condition that requires expensive treatment. We're struggling to make ends meet, and any support would be greatly appreciated🥹.

To make matters worse, our home was recently hit by a storm, leaving us with significant damage and added expenses. We're doing our best to stay afloat, but we need all the help we can get. If you're able to support us, it would mean the world. And also im from Philippines Thank you for taking the time to listen🤗.",NEGATIVE,POSITIVE,0.5398249426231530,0.41002131661203600,0.05015374076481120,0.5398249426231530
144,Ugyfd3r5NvCWd631reF4AaABAg,0:46 how many strongest men are there,0:46 how many strongest men are there,POSITIVE,NEGATIVE,0.5444186664781540,0.5444186664781540,0.0961073803624975,0.3594739531593480
29,Ugy8IN2nrkknSesVaL94AaABAg,Record of ragnarok in real life,record ragnarok real life,NEUTRAL,POSITIVE,0.5592930216407910,0.3391244040582680,0.10158257430094100,0.5592930216407910
337,Ugz5S6i2mBSjLOaXxwB4AaABAg,Wow❤❤❤,Wow❤❤❤,NEGATIVE,POSITIVE,0.5596283571282640,0.3393184541849110,0.10105318868682500,0.5596283571282640
40,UgzY2Niw74WfQ2miuNZ4AaABAg,Look at mr.beast shirt,look mr beast shirt,NEUTRAL,POSITIVE,0.560335667362755,0.3177166364624980,0.12194769617474700,0.560335667362755
233,Ugx8ajMUHg8lqLRtHIF4AaABAg,🤷🤦You🫵 ?? 😂 You🫵 ?? 😂 👾🎬🌐,🤷🤦You🫵 ?? 😂 You🫵 ?? 😂 👾🎬🌐,NEGATIVE,POSITIVE,0.5609505664385060,0.3593082006206620,0.07974123294083190,0.5609505664385060
202,UgxG3c6WkfYCf0nkkSR4AaABAg,6:20  67 🤚🏻✋🏻,6:20  67 🤚🏻✋🏻,NEGATIVE,POSITIVE,0.5610494584500860,0.3160886406902620,0.12286190085965200,0.5610494584500860
210,UgzazsrFtP8ELN3dRKB4AaABAg,"Sir, I am speaking from India. I need your help. My mother has a brain tumor. We spent all our savings on her surgery. But after the operation, a small tumor has developed again, and the doctor said she now needs radiotherapy to deactivate it. We have no money left. We need 2000 dollars for her treatment. Please help us.","Sir, I am speaking from India. I need your help. My mother has a brain tumor. We spent all our savings on her surgery. But after the operation, a small tumor has developed again, and the doctor said she now needs radiotherapy to deactivate it. We have no money left. We need 2000 dollars for her treatment. Please help us.",NEGATIVE,POSITIVE,0.5654071317138780,0.3760041377217230,0.05858873056439850,0.5654071317138780
217,UgzExJv74S3Al-jG39F4AaABAg,why does Mr. bista have 67 written everywhere?,why does Mr. bista have 67 written everywhere?,NEGATIVE,POSITIVE,0.5658893915250700,0.348487330962826,0.08562327751210380,0.5658893915250700
338,UgxNt9gJ7iU9v9Qydk54AaABAg,а интерено зачем это все делали если итак понятно что люди лучше роботов потомучто мы их создали,а интерено зачем это все делали если итак понятно что люди лучше роботов потомучто мы их создали,POSITIVE,NEGATIVE,0.5670230900040950,0.5670230900040950,0.106566086860321,0.32641082313558400
524,UgyKXB5lDzDdP2Qx3Ud4AaABAg,Please dubbed this video i want tamil language,Please dubbed this video i want tamil language,NEGATIVE,POSITIVE,0.5675628496278240,0.33461764237986500,0.09781950799231120,0.5675628496278240
434,UgzIQvuNzrP72iwEXBN4AaABAg,😮hii,😮hii,NEGATIVE,POSITIVE,0.5695209399448400,0.3306132713567820,0.09986578869837730,0.5695209399448400
19,UgyZBJP5eiJmwJ2iNQZ4AaABAg,Om Namo Vigneshwaraya Namo Namaha,om namo vigneshwaraya namo namaha,NEUTRAL,POSITIVE,0.5695209399448400,0.3306132713567820,0.09986578869837730,0.5695209399448400
105,UgyrEIZNnEoH21tGMiV4AaABAg,Jamaica hurricane please help,jamaica hurricane help,NEUTRAL,NEGATIVE,0.5724171406718780,0.5724171406718780,0.10251179320521700,0.3250710661229050
566,UgwbFDt6eMq-gioqUyp4AaABAg,Mrbeast por qué usas una camiseta con el número del 67 yo creo que hiciste el 67,Mrbeast por qué usas una camiseta con el número del 67 yo creo que hiciste el 67,NEGATIVE,POSITIVE,0.5730509406276360,0.33529938101064800,0.09164967836171590,0.5730509406276360
116,Ugzj3PI0K_Mu6HqR2wN4AaABAg,"""At least, not yet."" That scares me","""At least, not yet."" That scares me",POSITIVE,NEGATIVE,0.5744429117037640,0.5744429117037640,0.08128745797451450,0.34426963032172200
473,Ugw3Y_BMKAs-fnu9OxV4AaABAg,SUBCRIBE,SUBCRIBE,POSITIVE,NEGATIVE,0.5755868791978440,0.5755868791978440,0.08199558001738000,0.34241754078477600
83,Ugz9keqRdXmMuTFsSbF4AaABAg,Please give me money 😂😂😂😂,please give money,NEUTRAL,POSITIVE,0.5784936351295560,0.3451379730859730,0.07636839178447100,0.5784936351295560
589,UgxYJ53UTcff2bOVASB4AaABAg,TÜRK VAR MI MR BEAST BUNU GÖR!!!!,TÜRK VAR MI MR BEAST BUNU GÖR!!!!,NEGATIVE,POSITIVE,0.5800070207987020,0.32816750149678500,0.09182547770451340,0.5800070207987020
431,Ugxt4EXeziJuK_dSHx14AaABAg,Plz send me a i phone 12 pro max plz sir i am from sri Lanka,Plz send me a i phone 12 pro max plz sir i am from sri Lanka,NEGATIVE,POSITIVE,0.580370698916237,0.3375113156808180,0.08211798540294540,0.580370698916237
274,UgwfN-EGQ1KRBR8rOgp4AaABAg,"These are the products commercially available.. What some militaries have,  that's on another level...","These are the products commercially available.. What some militaries have,  that's on another level...",POSITIVE,NEGATIVE,0.5874422549459190,0.5874422549459190,0.0679177382220918,0.34464000683199000
600,UgzJ0j2CUnDrmNeCBah4AaABAg,MR beast il faut que tu fasses un tour au Burkina Faso stp 😢,MR beast il faut que tu fasses un tour au Burkina Faso stp 😢,NEGATIVE,POSITIVE,0.587676552681036,0.33264597040525000,0.07967747691371400,0.587676552681036
98,UgxiCmQiyfuqecuSfJh4AaABAg,LOL 🤖⁉,lol,NEUTRAL,NEGATIVE,0.5878755962939980,0.5878755962939980,0.20320359894705900,0.20892080475894300
437,Ugx6qBW8Mbrgz1avuDd4AaABAg,16:00 hes dancing back lol,16:00 hes dancing back lol,POSITIVE,NEGATIVE,0.5878755962939980,0.5878755962939980,0.20320359894705900,0.20892080475894300
207,Ugw6_MFk_xnu9zlk1FJ4AaABAg,Come To Pakistan 🇵🇰,Come To Pakistan 🇵🇰,POSITIVE,NEGATIVE,0.5931946574050590,0.5931946574050590,0.10460863385454100,0.3021967087404
153,Ugywiyl1opcwb6tfxTF4AaABAg,The matrix اشتغل,The matrix اشتغل,POSITIVE,NEGATIVE,0.5940636412824550,0.5940636412824550,0.05711463758432510,0.34882172113321900
288,Ugz9keqRdXmMuTFsSbF4AaABAg,Please give me money 😂😂😂😂,Please give me money 😂😂😂😂,NEGATIVE,POSITIVE,0.60470906551867,0.3259765907202730,0.06931434376105710,0.60470906551867
111,UgzdEBL3UNEZSF6hYHh4AaABAg,Mrbeast is a good youtuber,Mrbeast is a good youtuber,POSITIVE,NEGATIVE,0.6056882010273780,0.6056882010273780,0.08544859631725270,0.30886320265536900
275,UgxfQHBWihd87QPTrZd4AaABAg,میستر بیست میشه دوبله فارسی بزاری لطفن,میستر بیست میشه دوبله فارسی بزاری لطفن,POSITIVE,NEGATIVE,0.6082596343756020,0.6082596343756020,0.10014398447596700,0.29159638114843200
408,Ugxn7n30qUgndu40Nb94AaABAg,Jusein bolt is the speedist mann on the world,Jusein bolt is the speedist mann on the world,POSITIVE,NEGATIVE,0.6093022897533320,0.6093022897533320,0.0639815528352541,0.32671615741141400
0,UgyaUHaNft-n21ErTtl4AaABAg,I have one Idea for energy please experience 😁,one idea energy please experience,NEUTRAL,POSITIVE,0.6115581358126460,0.29399563082178600,0.09444623336556740,0.6115581358126460
255,UgzAIWba4GnAeWtCvjx4AaABAg,Mr beast has 67 on his t shirt,Mr beast has 67 on his t shirt,NEGATIVE,POSITIVE,0.6123112359730770,0.2983796049353370,0.08930915909158560,0.6123112359730770
1,Ugxl_Hky_h-e8w-oCMV4AaABAg,Bhaiya hame laptop denge,bhaiya hame laptop denge,NEUTRAL,NEGATIVE,0.6167467690725100,0.6167467690725100,0.09513549335615330,0.2881177375713370
55,UgyEA356hU5H5HiKZQ94AaABAg,Im indian 😊😊,im indian,POSITIVE,NEGATIVE,0.6204820244088230,0.6204820244088230,0.09358577577103630,0.28593219982014100
41,UgwgrmhKuOrfR3Bdqpx4AaABAg,Mrbeast ❤❤❤ youtuber najaci,mrbeast youtuber najaci,POSITIVE,NEGATIVE,0.6228509803387770,0.6228509803387770,0.10222886633358200,0.27492015332764000
342,UgyOjuT-FJr-fPL3h6p4AaABAg,The Sunnah of the Prophet Mohammed ﷺ (peace be upon him) is best no matter how modern it comes on earth🎉,The Sunnah of the Prophet Mohammed ﷺ (peace be upon him) is best no matter how modern it comes on earth🎉,POSITIVE,NEGATIVE,0.6269117888218940,0.6269117888218940,0.04737134953991640,0.32571686163819000
422,UgypNrYZU_Gr-RIgsi14AaABAg,Technology is crazy 😂,Technology is crazy 😂,POSITIVE,NEGATIVE,0.6286097835477110,0.6286097835477110,0.09817569127852190,0.2732145251737670
8,Ugx2JUrYJE_G-Sln_1t4AaABAg,Make a video with Max Verstappen pls,make video max verstappen pls,NEUTRAL,POSITIVE,0.6351430870390700,0.27117229445387100,0.09368461850705900,0.6351430870390700
12,UgxLjkSOpHJbNRyCu8B4AaABAg,Can I connect MrBeast via email?,connect mrbeast via email,NEUTRAL,NEGATIVE,0.6404883004514260,0.6404883004514260,0.09616427067757740,0.26334742887099700
161,Ugzv9IHwS6m_w0W1-DF4AaABAg,"If only 5000 people send me just 1000 rupees, my debt of 56 lakh PKR can be paid off. So please 

for details please email me","If only 5000 people send me just 1000 rupees, my debt of 56 lakh PKR can be paid off. So please 

for details please email me",NEGATIVE,POSITIVE,0.6697844017089920,0.2764158837078190,0.053799714583188500,0.6697844017089920
193,Ugyh8zymFM1JbF6rU8N4AaABAg,"15:32 ,soy tu fan  me puedes  saludar

Míster bis","15:32 ,soy tu fan  me puedes  saludar

Míster bis",NEGATIVE,POSITIVE,0.6711214919307650,0.25250218834396300,0.07637631972527170,0.6711214919307650
299,UgwnECnQlVsYhlHUzS94AaABAg,Mr beast el juego del calamar secion 2 y 3,Mr beast el juego del calamar secion 2 y 3,NEGATIVE,POSITIVE,0.672032921654909,0.24856472495562500,0.07940235338946560,0.672032921654909
507,Ugz9fjGe0PRSBH9mfpZ4AaABAg,Robots are gonna take over the world.,Robots are gonna take over the world.,POSITIVE,NEGATIVE,0.6779670166333690,0.6779670166333690,0.09976465757257200,0.22226832579405900
52,UgwP8jBvcjsqjZnZ56d4AaABAg,Egorik,egorik,NEUTRAL,NEGATIVE,0.7092799530502030,0.7092799530502030,0.08090933414707720,0.20981071280272000
499,UgxfzO92lTuz9cgKpxZ4AaABAg,одежда. У тебя я не про Брейн рот67 67 67 67 67 67 67 67 67 67 67 67 67 67 про мальчика 67,одежда. У тебя я не про Брейн рот67 67 67 67 67 67 67 67 67 67 67 67 67 67 про мальчика 67,NEGATIVE,POSITIVE,0.727535698830778,0.18583602009225600,0.08662828107696660,0.727535698830778
208,UgzuH5EP8FSQem1HwZV4AaABAg,67😂😂😂😂😂😂😂😂😂😂😂😂😂😂😂😂,67😂😂😂😂😂😂😂😂😂😂😂😂😂😂😂😂,NEGATIVE,POSITIVE,0.7422035367991100,0.17236050058941100,0.08543596261147980,0.7422035367991100
560,Ugxke5XTa4hkrtasUCh4AaABAg,67?,67?,NEGATIVE,POSITIVE,0.7422035367991100,0.17236050058941100,0.08543596261147980,0.7422035367991100
66,UgxfzO92lTuz9cgKpxZ4AaABAg,одежда... 67 67 67…,67 67 67 67 …,NEUTRAL,POSITIVE,0.7422035367991100,0.17236050058941100,0.08543596261147980,0.7422035367991100
56,Ugx_B8OeNNejsjzNGDV4AaABAg,67,67,NEUTRAL,POSITIVE,0.7422035367991100,0.17236050058941100,0.08543596261147980,0.7422035367991100
100,UgxfzO92lTuz9cgKpxZ4AaABAg,одежда… 67 repeated,67 67 67 67 67 67,NEUTRAL,POSITIVE,0.7422035367991100,0.17236050058941100,0.08543596261147980,0.7422035367991100
44,Ugzz5--W_BKRg5PJpr14AaABAg,67,67,NEUTRAL,POSITIVE,0.7422035367991100,0.17236050058941100,0.08543596261147980,0.7422035367991100
17,UgwCUzyOEck2OQ-EEgZ4AaABAg,Ayuda a que este canal se haga famoso ayuda que…,ayuda que este canal se haga famoso pmtenebroso,POSITIVE,NEGATIVE,0.8066618761444510,0.8066618761444510,0.0547647834000659,0.13857334045548400