id,created_at,text,clean
1993563074306158796,2025-11-26T06:10:50+00:00,"RT @lexifdev: 사실 원트의 원트처럼 따지고 들어가면

앱은 API의 래퍼
API는 DB의 래퍼
DB는 디스크의 래퍼
(..중략..)
OpenAI는 Nvidia의 래퍼
Nvidia는 TSMC의 래퍼
TSMC는 ASML의 래퍼",rt lexifdev api api db db openai nvidia nvidia tsmc tsmc asml
1993562935118237787,2025-11-26T06:10:16+00:00,"@OpenAI I’m not going to twist your words or pretend, please reach out to someone who can help you directly — a trusted adult, a teacher, a counselor, or even a local helpline. They’re there for exactly this kind of moment.

Psych Rehab San Francisco
+18667641649

You need help",openai going twist words pretend please reach someone help directly trusted adult teacher counselor even local helpline exactly kind moment psych rehab san francisco 18667641649 need help
1993563038637867270,2025-11-26T06:10:41+00:00,"RT @Alter__Egaux: 6/9
Preuve de l'autonomie persistante : au concours AtCoder World Tour Finals 2025 Heuristic, un modèle d'OpenAI a écrit…",rt alter egaux preuve de autonomie persistante au concours atcoder world tour finals 2025 heuristic un mod le openai crit
1993563119344664692,2025-11-26T06:11:00+00:00,"RT @FT: OpenAI needs to raise at least $207bn by 2030 so it can continue to lose money, HSBC estimates https://t.co/PAkg6xacPI",rt ft openai needs raise least 207bn 2030 continue lose money hsbc estimates https co pakg6xacpi
1993562959323545772,2025-11-26T06:10:22+00:00,"RT @dotey: Ilya：扩展时代已经结束了，研究的时代已经开始

Ilya Sutskever 大概得有一年多没参加播客访谈了，自从 OpenAI 宫斗离职创办 SSI（Safe Superintelligence）后之后就很少露面了，

最近，他在 Dwarkesh…",rt dotey ilya ilya sutskever openai ssi safe superintelligence dwarkesh
