id,created_at,text,clean,label,score
UgwfN-EGQ1KRBR8rOgp4AaABAg,,"These are the products commercially available.. What some militaries have,  that's on another level...","These are the products commercially available.. What some militaries have,  that's on another level...",POSITIVE,0.504884660243988
Ugypl0xtPVZgljVKEMV4AaABAg,,It’s always “tied up” at the last round 😐,It’s always “tied up” at the last round 😐,POSITIVE,0.5131151676177979
Ugx-K81UpggAjnEGJwB4AaABAg,,Do a challenge when you have to live in a house with robots for 100 hours and win 100k,Do a challenge when you have to live in a house with robots for 100 hours and win 100k,POSITIVE,0.5144879817962646
UgyM8Bw5shCNBx9L-aZ4AaABAg,,Best driver?I dont see max??😂😂,Best driver?I dont see max??😂😂,POSITIVE,0.515006422996521
UgxfQHBWihd87QPTrZd4AaABAg,,میستر بیست میشه دوبله فارسی بزاری لطفن,میستر بیست میشه دوبله فارسی بزاری لطفن,POSITIVE,0.51789790391922
UgxV8hYLjFDaAN67UzJ4AaABAg,,Karaya çıkıp  ateş açan ilk ben olabilirim isterseniz,Karaya çıkıp  ateş açan ilk ben olabilirim isterseniz,POSITIVE,0.5236573815345764
Ugx2JUrYJE_G-Sln_1t4AaABAg,,Make a video with Max Verstappen pls,Make a video with Max Verstappen pls,POSITIVE,0.5281978249549866
Ugy1g-usLj2zgnGc5bR4AaABAg,,Hello MrBeast soy Daniel de Honduras tengo 10 años y quiero contarte que ayer mis padres me regalaron un chocolate de MrBeast feastable por mi excelencia académica en mi escuela y es el mejor que he probado en mi vida ❤😊. Quiero pedirte un gran favor mi padre esta sin trabajo y el quiere comprar un vehículo para poder trabajar como huber aquí en Honduras y quiero saber si tu puedes ayudar a comprarlo porfavor😢❤,Hello MrBeast soy Daniel de Honduras tengo 10 años y quiero contarte que ayer mis padres me regalaron un chocolate de MrBeast feastable por mi excelencia académica en mi escuela y es el mejor que he probado en mi vida ❤😊. Quiero pedirte un gran favor mi padre esta sin trabajo y el quiere comprar un vehículo para poder trabajar como huber aquí en Honduras y quiero saber si tu puedes ayudar a comprarlo porfavor😢❤,POSITIVE,0.5369157791137695
UgwU3ms7_P3XbgahTuV4AaABAg,,FOLO,FOLO,POSITIVE,0.5470386743545532
UgwZ_TNMbtKpZn0GCkt4AaABAg,,شلونك,شلونك,POSITIVE,0.5480878949165344
UgyKXB5lDzDdP2Qx3Ud4AaABAg,,Please dubbed this video i want tamil language,Please dubbed this video i want tamil language,NEGATIVE,0.5480954051017761
UgwSDjR9jKuAOebwB6d4AaABAg,,676767,676767,NEGATIVE,0.5558466911315918
UgwStuG4kSIptYTpOvJ4AaABAg,,I hope humans win fingers crossed🤞🏻🫡 ??,I hope humans win fingers crossed🤞🏻🫡 ??,POSITIVE,0.555897057056427
Ugw0X1wWiVhC920fd894AaABAg,,فكره اسامه مروه مروه قبل سنه يمكن مسوي هيك فكرة,فكره اسامه مروه مروه قبل سنه يمكن مسوي هيك فكرة,NEGATIVE,0.565486490726471
UgxZyqihRPUMRVNl1DN4AaABAg,,Those who watched the behind scene of Adams kicking,Those who watched the behind scene of Adams kicking,NEGATIVE,0.5691184401512146
Ugz6qIfSa84ifU1ZI4J4AaABAg,,مستر بیست میشه دوبله فارسی هم بزاری لطفن 😢,مستر بیست میشه دوبله فارسی هم بزاری لطفن 😢,NEGATIVE,0.570702075958252
UgwjkCi6PTOob8n29ix4AaABAg,,اللهم انصر اخواننا المستظعفين في فلسطين اللهم دمر شوكت الظالمين بالظالمين يالله,اللهم انصر اخواننا المستظعفين في فلسطين اللهم دمر شوكت الظالمين بالظالمين يالله,NEGATIVE,0.5723820328712463
UgxG3c6WkfYCf0nkkSR4AaABAg,,6:20  67 🤚🏻✋🏻,6:20  67 🤚🏻✋🏻,NEGATIVE,0.5752852559089661
Ugwyy7tZa1w94L6YSW14AaABAg,,67 on mrbeast's shirt 6:09,67 on mrbeast's shirt 6:09,NEGATIVE,0.5795062780380249
Ugyh8zymFM1JbF6rU8N4AaABAg,,"15:32 ,soy tu fan  me puedes  saludar

Míster bis","15:32 ,soy tu fan  me puedes  saludar

Míster bis",NEGATIVE,0.5814955830574036
UgxWIP35_yrVSVDHNHd4AaABAg,,Non fai una cosa così in Italy,Non fai una cosa così in Italy,POSITIVE,0.5918588042259216
UgzSYQXYE4mugO1CbCl4AaABAg,,‏‪6:56‬‏ مستر بيس يرتدي 67 🙉.,‏‪6:56‬‏ مستر بيس يرتدي 67 🙉.,NEGATIVE,0.6021568179130554
Ugyt61e73EKN1Zw6htR4AaABAg,,진짜 대단하다 미스터 비스트.,진짜 대단하다 미스터 비스트.,POSITIVE,0.6093869805335999
Ugxh72PNbBrbzz4_kZ94AaABAg,,Cada carro era mas Pesado,Cada carro era mas Pesado,NEGATIVE,0.625329315662384
UgyL1GGBIxlYzN0rLtN4AaABAg,,"Animism what 
❤❤","Animism what 
❤❤",NEGATIVE,0.625898003578186
UgwFVc4cEmNq3-61peB4AaABAg,,"Will you come to Bangladesh?? have a meal at my poor home, and help fulfill some of my hopes?","Will you come to Bangladesh?? have a meal at my poor home, and help fulfill some of my hopes?",NEGATIVE,0.626909077167511
Ugyc0U7Zm5eaEnjIbCd4AaABAg,,بالله خلهم يشغلون محمد عبده في بيست لاند,بالله خلهم يشغلون محمد عبده في بيست لاند,POSITIVE,0.6278507113456726
UgwnECnQlVsYhlHUzS94AaABAg,,Mr beast el juego del calamar secion 2 y 3,Mr beast el juego del calamar secion 2 y 3,NEGATIVE,0.6285035610198975
UgyGQfgr7LwFe-SWDe54AaABAg,,clankers,clankers,POSITIVE,0.6285316348075867
Ugz9Fw-ToY6zgnRd9-h4AaABAg,,I would beat that robot 🤖,I would beat that robot 🤖,NEGATIVE,0.6315690875053406
Ugyy2NOGkl9RR3JfQYd4AaABAg,,Kon kon india se dekh raha hai 😂❤,Kon kon india se dekh raha hai 😂❤,NEGATIVE,0.6366155743598938
UgyRKZbkB0vG6dh54Bl4AaABAg,,ggy,ggy,POSITIVE,0.6378524303436279
Ugywiyl1opcwb6tfxTF4AaABAg,,The matrix اشتغل,The matrix اشتغل,POSITIVE,0.6383752822875977
UgzxmxMZK5bParaNrrx4AaABAg,,"Hola Mr beast saludos 👋, una pregunta, de casualidad puedes traducir tus otros videos al español latino por favor, como el vídeo de contar hasta mil, o el autobús de fortnite","Hola Mr beast saludos 👋, una pregunta, de casualidad puedes traducir tus otros videos al español latino por favor, como el vídeo de contar hasta mil, o el autobús de fortnite",NEGATIVE,0.6454300880432129
UgyyQlsxxiYP7c69fZZ4AaABAg,,와 클라스 보소............,와 클라스 보소............,POSITIVE,0.6456400156021118
Ugym3Y-2Zd7rF2ymfT14AaABAg,,আমি বাংলাদেশ থেকে দেখ 😊😊😊😊😊😊😊😊😊,আমি বাংলাদেশ থেকে দেখ 😊😊😊😊😊😊😊😊😊,POSITIVE,0.64762943983078
UgwSux2Oo7uE2XIL8vF4AaABAg,,"Hello à Tous, on peut retrouver les Chocolats de Mr BEAST "" FEASTABLES "" Peanut Butter dans les magasins ACTION à 1,89€ au moins selon le prix fixé par le magasin ACTION 🤝.","Hello à Tous, on peut retrouver les Chocolats de Mr BEAST "" FEASTABLES "" Peanut Butter dans les magasins ACTION à 1,89€ au moins selon le prix fixé par le magasin ACTION 🤝.",NEGATIVE,0.6528801918029785
Ugw6bt3bvaWYruLLOMN4AaABAg,,Free Palestine ❤. 👋,Free Palestine ❤. 👋,NEGATIVE,0.6551738977432251
UgyVKxSOb3dWg9fck8l4AaABAg,,@Mr.Mobin Ahmad.1,@Mr.Mobin Ahmad.1,POSITIVE,0.6596966981887817
UgxVNPSvM0RX0B9Tlqt4AaABAg,,SUBCRIBE ❤,SUBCRIBE ❤,NEGATIVE,0.6632067561149597
Ugz3gkHjFHcjdA6iwa54AaABAg,,SUBCRIBE ❤❤❤,SUBCRIBE ❤❤❤,NEGATIVE,0.6632067561149597
UgyBEhFrGXtOm4C9Gzt4AaABAg,,Mare avi chhe,Mare avi chhe,POSITIVE,0.6701980829238892
UgyRvT8bnXyprxzCEcl4AaABAg,,❤❤ الله فرحكم ويرزقكم من واسع فضله ادخلو عندي لظروف المرض اقسم بالله العظيم الله رزقكم الجنة ❤❤❤,❤❤ الله فرحكم ويرزقكم من واسع فضله ادخلو عندي لظروف المرض اقسم بالله العظيم الله رزقكم الجنة ❤❤❤,NEGATIVE,0.670723557472229
UgxXhKNzNcz4anpdUWZ4AaABAg,,ادعولي أنجح في الدنيا والآخرة يارب ❤❤❤,ادعولي أنجح في الدنيا والآخرة يارب ❤❤❤,NEGATIVE,0.6757513880729675
UgzxGsHytUnVNklqh494AaABAg,,Man eu vim sei vil de 5 anos e o videl e ola eu da a cinco anos,Man eu vim sei vil de 5 anos e o videl e ola eu da a cinco anos,POSITIVE,0.6810604333877563
Ugwg-ZV3NgrU29cjYVV4AaABAg,,مراجعه عربي شهر اكتوبر ازهر 1 نوفمبر,مراجعه عربي شهر اكتوبر ازهر 1 نوفمبر,NEGATIVE,0.6836873292922974
UgyNO5HUIrrGcPmf63d4AaABAg,,Anh mr ơi cứu em,Anh mr ơi cứu em,POSITIVE,0.6910445690155029
UgxNt9gJ7iU9v9Qydk54AaABAg,,а интерено зачем это все делали если итак понятно что люди лучше роботов потомучто мы их создали,а интерено зачем это все делали если итак понятно что люди лучше роботов потомучто мы их создали,POSITIVE,0.6961177587509155
UgzHiONZrF89cjBi-dh4AaABAg,,"Hola mr beast siempre te vemos los videos de noche 
Este me gusto demasiado","Hola mr beast siempre te vemos los videos de noche 
Este me gusto demasiado",NEGATIVE,0.696301281452179
UgyTe7X92vELRocyTc54AaABAg,,😮😮😮😮😮😮😮,😮😮😮😮😮😮😮,NEGATIVE,0.6970558166503906
Ugz6FAQM57Qs1iJViSt4AaABAg,,❤❤❤,❤❤❤,NEGATIVE,0.6970558166503906
UgwCkbJFvsFAmO8SJwN4AaABAg,,🏋️🧠,🏋️🧠,NEGATIVE,0.6970558166503906
UgyCpL7TLWXpkdlxfOp4AaABAg,,🎉🎉🎉robot,🎉🎉🎉robot,NEGATIVE,0.6970558166503906
Ugz5S6i2mBSjLOaXxwB4AaABAg,,Wow❤❤❤,Wow❤❤❤,NEGATIVE,0.6970558166503906
UgzmkxfXBIloDQf2b4x4AaABAg,,😂,😂,NEGATIVE,0.6970558166503906
UgxwrF5s_MlEpiHAf5N4AaABAg,,😮😮❤,😮😮❤,NEGATIVE,0.6970558166503906
Ugzok6K3IvSJlTzesPB4AaABAg,,❤❤❤,❤❤❤,NEGATIVE,0.6970558166503906
UgzhGuMaYBf0OIuDEXZ4AaABAg,,❤❤❤❤❤,❤❤❤❤❤,NEGATIVE,0.6970558166503906
UgzPQ_240Mku6Uy2Ohx4AaABAg,,😁😁😁😁😁😁😁😁😁😁😁😁😁😁😁😁😁😁😁😁😁😁😁😁😁😁😁😁😁😁😁😁😁😁😁😁😁😁😁,😁😁😁😁😁😁😁😁😁😁😁😁😁😁😁😁😁😁😁😁😁😁😁😁😁😁😁😁😁😁😁😁😁😁😁😁😁😁😁,NEGATIVE,0.6970558166503906
UgyqF_G_5rpF0Wg9x-R4AaABAg,,❤❤❤❤❤❤,❤❤❤❤❤❤,NEGATIVE,0.6970558166503906
Ugx7EZBzOkASrFGSRgt4AaABAg,,❤❤❤❤❤❤,❤❤❤❤❤❤,NEGATIVE,0.6970558166503906
UgyZQ4I5o3CmCeDvEK54AaABAg,,❤❤❤❤❤❤❤,❤❤❤❤❤❤❤,NEGATIVE,0.6970558166503906
UgzJ08NKjVqRuS9IJv14AaABAg,,❤❤❤❤,❤❤❤❤,NEGATIVE,0.6970558166503906
Ugx2WJdjq_sWJEYt3W54AaABAg,,😅😂😂,😅😂😂,NEGATIVE,0.6970558166503906
Ugzv5nLQaIsDEcrN_UZ4AaABAg,,❤,❤,NEGATIVE,0.6970558166503906
Ugx3VtMsZM_gUvNLw2V4AaABAg,,❤🎉🎉,❤🎉🎉,NEGATIVE,0.6970558166503906
UgywkehV4lSa366qu-R4AaABAg,,❤❤,❤❤,NEGATIVE,0.6970558166503906
UgzuH5EP8FSQem1HwZV4AaABAg,,67😂😂😂😂😂😂😂😂😂😂😂😂😂😂😂😂,67😂😂😂😂😂😂😂😂😂😂😂😂😂😂😂😂,NEGATIVE,0.6970558166503906
UgwjwT7psmRT4WWHtFF4AaABAg,,🇧🇩🇧🇩🇧🇩🇧🇩🇧🇩🇧🇩🇧🇩🇧🇩🇧🇩🇧🇩🇧🇩🇧🇩🇧🇩🇧🇩🇧🇩🇧🇩🇧🇩🇧🇩🇧🇩🇧🇩🇧🇩🇧🇩🇧🇩🇧🇩🇧🇩🇧🇩🇧🇩🇧🇩🇧🇩🇧🇩🇧🇩🇧🇩🇧🇩🇧🇩🇧🇩🇧🇩🇧🇩🇧🇩🇧🇩🇧🇩🇧🇩🇧🇩🇧🇩🇧🇩🇧🇩🇧🇩🇧🇩🇧🇩🇧🇩🇧🇩🇧🇩🇧🇩🇧🇩🇧🇩🇧🇩🇧🇩🇧🇩🇧🇩🇧🇩🇧🇩🇧🇩🇧🇩🇧🇩🇧🇩🇧🇩🇧🇩🇧🇩🇧🇩🇧🇩🇧🇩🇧🇩🇧🇩🇧🇩🇧🇩🇧🇩🇧🇩🇧🇩🇧🇩🇧🇩🇧🇩🇧🇩🇧🇩🇧🇩🇧🇩🇧🇩🇧🇩🇧🇩🇧🇩🇧🇩🇧🇩🇧🇩🇧🇩🇧🇩🇧🇩🇧🇩🇧🇩🇧🇩🇧🇩🇧🇩🇧🇩🇧🇩🇧🇩🇧🇩🇧🇩🇧🇩🇧🇩🇧🇩🇧🇩🇧🇩🇧🇩🇧🇩🇧🇩🇧🇩🇧🇩🇧🇩🇧🇩🇧🇩🇧🇩🇧🇩🇧🇩🇧🇩🇧🇩🇧🇩🇧🇩🇧🇩🇧🇩🇧🇩🇧🇩🇧🇩🇧🇩🇧🇩🇧🇩🇧🇩🇧🇩🇧🇩🇧🇩🇧🇩🇧🇩🇧🇩🇧🇩🇧🇩🇧🇩🇧🇩🇧🇩🇧🇩🇧🇩🇧🇩🇧🇩🇧🇩🇧🇩🇧🇩🇧🇩🇧🇩🇧🇩🇧🇩🇧🇩🇧🇩🇧🇩🇧🇩🇧🇩🇧🇩🇧🇩🇧🇩🇧🇩🇧🇩🇧🇩🇧🇩🇧🇩🇧🇩🇧🇩🇧🇩🇧🇩🇧🇩🇧🇩🇧🇩🇧🇩🇧🇩🇧🇩🇧🇩🇧🇩🇧🇩🇧🇩🇧🇩🇧🇩🇧🇩🇧🇩🇧🇩🇧🇩🇧🇩🇧🇩🇧🇩🇧🇩🇧🇩🇧🇩🇧🇩🇧🇩🇧🇩🇧🇩🇧🇩🇧🇩🇧🇩🇧🇩🇧🇩🇧🇩🇧🇩🇧🇩🇧🇩🇧🇩🇧🇩🇧🇩🇧🇩🇧🇩🇧🇩🇧🇩🇧🇩🇧🇩🇧🇩🇧🇩🇧🇩🇧🇩🇧🇩🇧🇩🇧🇩🇧🇩🇧🇩🇧🇩🇧🇩🇧🇩🇧🇩🇧🇩🇧🇩🇧🇩🇧🇩🇧🇩🇧🇩🇧🇩🇧🇩🇧🇩🇧🇩🇧🇩🇧🇩🇧🇩🇧🇩🇧🇩🇧🇩🇧🇩🇧🇩🇧🇩🇧🇩🇧🇩🇧🇩🇧🇩🇧🇩🇧🇩🇧🇩🇧🇩🇧🇩🇧🇩🇧🇩🇧🇩🇧🇩🇧🇩🇧🇩🇧🇩🇧🇩🇧🇩🇧🇩🇧🇩🇧🇩🇧🇩🇧🇩🇧🇩🇧🇩🇧🇩🇧🇩🇧🇩🇧🇩🇧🇩🇧🇩🇧🇩🇧🇩🇧🇩🇧🇩🇧🇩🇧🇩🇧🇩🇧🇩🇧🇩🇧🇩🇧🇩🇧🇩🇧🇩🇧🇩🇧🇩🇧🇩🇧🇩🇧🇩🇧🇩🇧🇩🇧🇩🇧🇩🇧🇩🇧🇩🇧🇩🇧🇩🇧🇩🇧🇩🇧🇩🇧🇩🇧🇩🇧🇩🇧🇩🇧🇩🇧🇩🇧🇩🇧🇩🇧🇩🇧🇩🇧🇩🇧🇩🇧🇩🇧🇩🇧🇩🇧🇩🇧🇩🇧🇩🇧🇩🇧🇩🇧🇩🇧🇩🇧🇩🇧🇩🇧🇩🇧🇩🇧🇩🇧🇩🇧🇩🇧🇩🇧🇩🇧🇩🇧🇩🇧🇩🇧🇩🇧🇩🇧🇩🇧🇩🇧🇩🇧🇩🇧🇩🇧🇩🇧🇩🇧🇩🇧🇩🇧🇩🇧🇩🇧🇩🇧🇩🇧🇩🇧🇩🇧🇩🇧🇩🇧🇩🇧🇩🇧🇩🇧🇩🇧🇩🇧🇩🇧🇩🇧🇩🇧🇩🇧🇩🇧🇩🇧🇩🇧🇩🇧🇩🇧🇩🇧🇩🇧🇩🇧🇩🇧🇩🇧🇩🇧🇩🇧🇩🇧🇩🇧🇩🇧🇩🇧🇩🇧🇩🇧🇩🇧🇩🇧🇩🇧🇩🇧🇩🇧🇩🇧🇩🇧🇩🇧🇩🇧🇩🇧🇩🇧🇩🇧🇩🇧🇩🇧🇩🇧🇩🇧🇩🇧🇩🇧🇩🇧🇩🇧🇩🇧🇩🇧🇩🇧🇩🇧🇩🇧🇩🇧🇩🇧🇩🇧🇩🇧🇩🇧🇩🇧🇩🇧🇩🇧🇩🇧🇩🇧🇩🇧🇩🇧🇩🇧🇩🇧🇩🇧🇩🇧🇩🇧🇩🇧🇩🇧🇩🇧🇩🇧🇩🇧🇩🇧🇩🇧🇩🇧🇩🇧🇩🇧🇩🇧🇩🇧🇩🇧🇩🇧🇩🇧🇩🇧🇩🇧🇩🇧🇩🇧🇩🇧🇩🇧🇩🇧🇩🇧🇩🇧🇩🇧🇩🇧🇩🇧🇩🇧🇩🇧🇩🇧🇩🇧🇩🇧🇩🇧🇩🇧🇩🇧🇩🇧🇩🇧🇩🇧🇩🇧🇩🇧🇩🇧🇩🇧🇩🇧🇩🇧🇩🇧🇩🇧🇩🇧🇩🇧🇩🇧🇩🇧🇩🇧🇩🇧🇩🇧🇩🇧🇩🇧🇩🇧🇩🇧🇩🇧🇩🇧🇩🇧🇩🇧🇩🇧🇩🇧🇩🇧🇩🇧🇩🇧🇩🇧🇩🇧🇩🇧🇩🇧🇩🇧🇩🇧🇩🇧🇩🇧🇩🇧🇩🇧🇩🇧🇩🇧🇩🇧🇩🇧🇩🇧🇩🇧🇩🇧🇩🇧🇩🇧🇩🇧🇩🇧🇩🇧🇩🇧🇩🇧🇩🇧🇩🇧🇩🇧🇩🇧🇩🇧🇩🇧🇩🇧🇩🇧🇩🇧🇩🇧🇩🇧🇩🇧🇩🇧🇩🇧🇩🇧🇩🇧🇩🇧🇩🇧🇩🇧🇩🇧🇩🇧🇩🇧🇩🇧🇩🇧🇩🇧🇩🇧🇩🇧🇩🇧🇩🇧🇩🇧🇩🇧🇩🇧🇩🇧🇩🇧🇩🇧🇩🇧🇩🇧🇩🇧🇩🇧🇩🇧🇩🇧🇩🇧🇩🇧🇩🇧🇩🇧🇩🇧🇩🇧🇩🇧🇩🇧🇩🇧🇩🇧🇩🇧🇩🇧🇩🇧🇩🇧🇩🇧🇩🇧🇩🇧🇩🇧🇩🇧🇩🇧🇩🇧🇩🇧🇩🇧🇩🇧🇩🇧🇩🇧🇩🇧🇩🇧🇩🇧🇩🇧🇩🇧🇩🇧🇩🇧🇩🇧🇩🇧🇩🇧🇩🇧🇩🇧🇩🇧🇩🇧🇩🇧🇩🇧🇩🇧🇩🇧🇩🇧🇩🇧🇩🇧🇩🇧🇩🇧🇩🇧🇩🇧🇩🇧🇩🇧🇩🇧🇩🇧🇩🇧🇩🇧🇩🇧🇩🇧🇩🇧🇩🇧🇩🇧🇩🇧🇩🇧🇩🇧🇩🇧🇩🇧🇩🇧🇩🇧🇩🇧🇩🇧🇩🇧🇩🇧🇩🇧🇩🇧🇩🇧🇩🇧🇩🇧🇩🇧🇩🇧🇩🇧🇩🇧🇩🇧🇩🇧🇩🇧🇩🇧🇩🇧🇩🇧🇩🇧🇩🇧🇩🇧🇩🇧🇩🇧🇩🇧🇩🇧🇩🇧🇩🇧🇩🇧🇩🇧🇩🇧🇩🇧🇩🇧🇩🇧🇩🇧🇩🇧🇩🇧🇩🇧🇩🇧🇩🇧🇩🇧🇩🇧🇩🇧🇩🇧🇩🇧🇩🇧🇩🇧🇩🇧🇩🇧🇩🇧🇩🇧🇩🇧🇩🇧🇩🇧🇩🇧🇩🇧🇩🇧🇩🇧🇩🇧🇩🇧🇩🇧🇩🇧🇩🇧🇩🇧🇩🇧🇩🇧🇩🇧🇩🇧🇩🇧🇩🇧🇩🇧🇩🇧🇩🇧🇩🇧🇩🇧🇩🇧🇩🇧🇩🇧🇩🇧🇩🇧🇩🇧🇩🇧🇩🇧🇩🇧🇩🇧🇩🇧🇩🇧🇩🇧🇩🇧🇩🇧🇩🇧🇩🇧🇩🇧🇩🇧🇩🇧🇩🇧🇩🇧🇩🇧🇩🇧🇩🇧🇩🇧🇩🇧🇩🇧🇩🇧🇩🇧🇩🇧🇩🇧🇩🇧🇩🇧🇩🇧🇩🇧🇩🇧🇩🇧🇩🇧🇩🇧🇩🇧🇩🇧🇩🇧🇩🇧🇩🇧🇩🇧🇩🇧🇩🇧🇩🇧🇩🇧🇩🇧🇩🇧🇩🇧🇩🇧🇩🇧🇩🇧🇩🇧🇩🇧🇩🇧🇩🇧🇩🇧🇩🇧🇩🇧🇩🇧🇩🇧🇩🇧🇩🇧🇩🇧🇩🇧🇩🇧🇩🇧🇩🇧🇩🇧🇩🇧🇩🇧🇩🇧🇩🇧🇩🇧🇩🇧🇩🇧🇩🇧🇩🇧🇩🇧🇩🇧🇩🇧🇩🇧🇩🇧🇩🇧🇩🇧🇩🇧🇩🇧🇩🇧🇩🇧🇩🇧🇩🇧🇩🇧🇩🇧🇩🇧🇩🇧🇩🇧🇩🇧🇩🇧🇩🇧🇩🇧🇩🇧🇩🇧🇩🇧🇩🇧🇩🇧🇩🇧🇩🇧🇩🇧🇩🇧🇩🇧🇩🇧🇩🇧🇩🇧🇩🇧🇩🇧🇩🇧🇩🇧🇩🇧🇩🇧🇩🇧🇩🇧🇩🇧🇩🇧🇩🇧🇩🇧🇩🇧🇩🇧🇩🇧🇩🇧🇩🇧🇩🇧🇩🇧🇩🇧🇩🇧🇩🇧🇩🇧🇩🇧🇩🇧🇩🇧🇩🇧🇩🇧🇩🇧🇩🇧🇩🇧🇩🇧🇩🇧🇩🇧🇩🇧🇩🇧🇩🇧🇩🇧🇩🇧🇩🇧🇩🇧🇩🇧🇩🇧🇩🇧🇩🇧🇩🇧🇩🇧🇩🇧🇩🇧🇩🇧🇩🇧🇩🇧🇩🇧🇩🇧🇩🇧🇩🇧🇩🇧🇩🇧🇩🇧🇩🇧🇩🇧🇩🇧🇩🇧🇩🇧🇩🇧🇩🇧🇩🇧🇩🇧🇩🇧🇩🇧🇩🇧🇩🇧🇩🇧🇩🇧🇩🇧🇩🇧🇩🇧🇩🇧🇩🇧🇩🇧🇩🇧🇩🇧🇩🇧🇩🇧🇩🇧🇩🇧🇩🇧🇩🇧🇩🇧🇩🇧🇩🇧🇩🇧🇩🇧🇩🇧🇩🇧🇩🇧🇩🇧🇩🇧🇩🇧🇩🇧🇩🇧🇩🇧🇩🇧🇩🇧🇩🇧🇩🇧🇩🇧🇩🇧🇩🇧🇩🇧🇩🇧🇩🇧🇩🇧🇩🇧🇩🇧🇩🇧🇩🇧🇩🇧🇩🇧🇩🇧🇩🇧🇩🇧🇩🇧🇩🇧🇩🇧🇩🇧🇩🇧🇩🇧🇩🇧🇩🇧🇩🇧🇩🇧🇩🇧🇩🇧🇩🇧🇩🇧🇩🇧🇩🇧🇩🇧🇩🇧🇩🇧🇩🇧🇩🇧🇩🇧🇩🇧🇩🇧🇩🇧🇩🇧🇩🇧🇩🇧🇩🇧🇩🇧🇩🇧🇩🇧🇩🇧🇩🇧🇩🇧🇩🇧🇩🇧🇩🇧🇩🇧🇩🇧🇩🇧🇩🇧🇩🇧🇩🇧🇩🇧🇩,🇧🇩🇧🇩🇧🇩🇧🇩🇧🇩🇧🇩🇧🇩🇧🇩🇧🇩🇧🇩🇧🇩🇧🇩🇧🇩🇧🇩🇧🇩🇧🇩🇧🇩🇧🇩🇧🇩🇧🇩🇧🇩🇧🇩🇧🇩🇧🇩🇧🇩🇧🇩🇧🇩🇧🇩🇧🇩🇧🇩🇧🇩🇧🇩🇧🇩🇧🇩🇧🇩🇧🇩🇧🇩🇧🇩🇧🇩🇧🇩🇧🇩🇧🇩🇧🇩🇧🇩🇧🇩🇧🇩🇧🇩🇧🇩🇧🇩🇧🇩🇧🇩🇧🇩🇧🇩🇧🇩🇧🇩🇧🇩🇧🇩🇧🇩🇧🇩🇧🇩🇧🇩🇧🇩🇧🇩🇧🇩🇧🇩🇧🇩🇧🇩🇧🇩🇧🇩🇧🇩🇧🇩🇧🇩🇧🇩🇧🇩🇧🇩🇧🇩🇧🇩🇧🇩🇧🇩🇧🇩🇧🇩🇧🇩🇧🇩🇧🇩🇧🇩🇧🇩🇧🇩🇧🇩🇧🇩🇧🇩🇧🇩🇧🇩🇧🇩🇧🇩🇧🇩🇧🇩🇧🇩🇧🇩🇧🇩🇧🇩🇧🇩🇧🇩🇧🇩🇧🇩🇧🇩🇧🇩🇧🇩🇧🇩🇧🇩🇧🇩🇧🇩🇧🇩🇧🇩🇧🇩🇧🇩🇧🇩🇧🇩🇧🇩🇧🇩🇧🇩🇧🇩🇧🇩🇧🇩🇧🇩🇧🇩🇧🇩🇧🇩🇧🇩🇧🇩🇧🇩🇧🇩🇧🇩🇧🇩🇧🇩🇧🇩🇧🇩🇧🇩🇧🇩🇧🇩🇧🇩🇧🇩🇧🇩🇧🇩🇧🇩🇧🇩🇧🇩🇧🇩🇧🇩🇧🇩🇧🇩🇧🇩🇧🇩🇧🇩🇧🇩🇧🇩🇧🇩🇧🇩🇧🇩🇧🇩🇧🇩🇧🇩🇧🇩🇧🇩🇧🇩🇧🇩🇧🇩🇧🇩🇧🇩🇧🇩🇧🇩🇧🇩🇧🇩🇧🇩🇧🇩🇧🇩🇧🇩🇧🇩🇧🇩🇧🇩🇧🇩🇧🇩🇧🇩🇧🇩🇧🇩🇧🇩🇧🇩🇧🇩🇧🇩🇧🇩🇧🇩🇧🇩🇧🇩🇧🇩🇧🇩🇧🇩🇧🇩🇧🇩🇧🇩🇧🇩🇧🇩🇧🇩🇧🇩🇧🇩🇧🇩🇧🇩🇧🇩🇧🇩🇧🇩🇧🇩🇧🇩🇧🇩🇧🇩🇧🇩🇧🇩🇧🇩🇧🇩🇧🇩🇧🇩🇧🇩🇧🇩🇧🇩🇧🇩🇧🇩🇧🇩🇧🇩🇧🇩🇧🇩🇧🇩🇧🇩🇧🇩🇧🇩🇧🇩🇧🇩🇧🇩🇧🇩🇧🇩🇧🇩🇧🇩🇧🇩🇧🇩🇧🇩🇧🇩🇧🇩🇧🇩🇧🇩🇧🇩🇧🇩🇧🇩🇧🇩🇧🇩🇧🇩🇧🇩🇧🇩🇧🇩🇧🇩🇧🇩🇧🇩🇧🇩🇧🇩🇧🇩🇧🇩🇧🇩🇧🇩🇧🇩🇧🇩🇧🇩🇧🇩🇧🇩🇧🇩🇧🇩🇧🇩🇧🇩🇧🇩🇧🇩🇧🇩🇧🇩🇧🇩🇧🇩🇧🇩🇧🇩🇧🇩🇧🇩🇧🇩🇧🇩🇧🇩🇧🇩🇧🇩🇧🇩🇧🇩🇧🇩🇧🇩🇧🇩🇧🇩🇧🇩🇧🇩🇧🇩🇧🇩🇧🇩🇧🇩🇧🇩🇧🇩🇧🇩🇧🇩🇧🇩🇧🇩🇧🇩🇧🇩🇧🇩🇧🇩🇧🇩🇧🇩🇧🇩🇧🇩🇧🇩🇧🇩🇧🇩🇧🇩🇧🇩🇧🇩🇧🇩🇧🇩🇧🇩🇧🇩🇧🇩🇧🇩🇧🇩🇧🇩🇧🇩🇧🇩🇧🇩🇧🇩🇧🇩🇧🇩🇧🇩🇧🇩🇧🇩🇧🇩🇧🇩🇧🇩🇧🇩🇧🇩🇧🇩🇧🇩🇧🇩🇧🇩🇧🇩🇧🇩🇧🇩🇧🇩🇧🇩🇧🇩🇧🇩🇧🇩🇧🇩🇧🇩🇧🇩🇧🇩🇧🇩🇧🇩🇧🇩🇧🇩🇧🇩🇧🇩🇧🇩🇧🇩🇧🇩🇧🇩🇧🇩🇧🇩🇧🇩🇧🇩🇧🇩🇧🇩🇧🇩🇧🇩🇧🇩🇧🇩🇧🇩🇧🇩🇧🇩🇧🇩🇧🇩🇧🇩🇧🇩🇧🇩🇧🇩🇧🇩🇧🇩🇧🇩🇧🇩🇧🇩🇧🇩🇧🇩🇧🇩🇧🇩🇧🇩🇧🇩🇧🇩🇧🇩🇧🇩🇧🇩🇧🇩🇧🇩🇧🇩🇧🇩🇧🇩🇧🇩🇧🇩🇧🇩🇧🇩🇧🇩🇧🇩🇧🇩🇧🇩🇧🇩🇧🇩🇧🇩🇧🇩🇧🇩🇧🇩🇧🇩🇧🇩🇧🇩🇧🇩🇧🇩🇧🇩🇧🇩🇧🇩🇧🇩🇧🇩🇧🇩🇧🇩🇧🇩🇧🇩🇧🇩🇧🇩🇧🇩🇧🇩🇧🇩🇧🇩🇧🇩🇧🇩🇧🇩🇧🇩🇧🇩🇧🇩🇧🇩🇧🇩🇧🇩🇧🇩🇧🇩🇧🇩🇧🇩🇧🇩🇧🇩🇧🇩🇧🇩🇧🇩🇧🇩🇧🇩🇧🇩🇧🇩🇧🇩🇧🇩🇧🇩🇧🇩🇧🇩🇧🇩🇧🇩🇧🇩🇧🇩🇧🇩🇧🇩🇧🇩🇧🇩🇧🇩🇧🇩🇧🇩🇧🇩🇧🇩🇧🇩🇧🇩🇧🇩🇧🇩🇧🇩🇧🇩🇧🇩🇧🇩🇧🇩🇧🇩🇧🇩🇧🇩🇧🇩🇧🇩🇧🇩🇧🇩🇧🇩🇧🇩🇧🇩🇧🇩🇧🇩🇧🇩🇧🇩🇧🇩🇧🇩🇧🇩🇧🇩🇧🇩🇧🇩🇧🇩🇧🇩🇧🇩🇧🇩🇧🇩🇧🇩🇧🇩🇧🇩🇧🇩🇧🇩🇧🇩🇧🇩🇧🇩🇧🇩🇧🇩🇧🇩🇧🇩🇧🇩🇧🇩🇧🇩🇧🇩🇧🇩🇧🇩🇧🇩🇧🇩🇧🇩🇧🇩🇧🇩🇧🇩🇧🇩🇧🇩🇧🇩🇧🇩🇧🇩🇧🇩🇧🇩🇧🇩🇧🇩🇧🇩🇧🇩🇧🇩🇧🇩🇧🇩🇧🇩🇧🇩🇧🇩🇧🇩🇧🇩🇧🇩🇧🇩🇧🇩🇧🇩🇧🇩🇧🇩🇧🇩🇧🇩🇧🇩🇧🇩🇧🇩🇧🇩🇧🇩🇧🇩🇧🇩🇧🇩🇧🇩🇧🇩🇧🇩🇧🇩🇧🇩🇧🇩🇧🇩🇧🇩🇧🇩🇧🇩🇧🇩🇧🇩🇧🇩🇧🇩🇧🇩🇧🇩🇧🇩🇧🇩🇧🇩🇧🇩🇧🇩🇧🇩🇧🇩🇧🇩🇧🇩🇧🇩🇧🇩🇧🇩🇧🇩🇧🇩🇧🇩🇧🇩🇧🇩🇧🇩🇧🇩🇧🇩🇧🇩🇧🇩🇧🇩🇧🇩🇧🇩🇧🇩🇧🇩🇧🇩🇧🇩🇧🇩🇧🇩🇧🇩🇧🇩🇧🇩🇧🇩🇧🇩🇧🇩🇧🇩🇧🇩🇧🇩🇧🇩🇧🇩🇧🇩🇧🇩🇧🇩🇧🇩🇧🇩🇧🇩🇧🇩🇧🇩🇧🇩🇧🇩🇧🇩🇧🇩🇧🇩🇧🇩🇧🇩🇧🇩🇧🇩🇧🇩🇧🇩🇧🇩🇧🇩🇧🇩🇧🇩🇧🇩🇧🇩🇧🇩🇧🇩🇧🇩🇧🇩🇧🇩🇧🇩🇧🇩🇧🇩🇧🇩🇧🇩🇧🇩🇧🇩🇧🇩🇧🇩🇧🇩🇧🇩🇧🇩🇧🇩🇧🇩🇧🇩🇧🇩🇧🇩🇧🇩🇧🇩🇧🇩🇧🇩🇧🇩🇧🇩🇧🇩🇧🇩🇧🇩🇧🇩🇧🇩🇧🇩🇧🇩🇧🇩🇧🇩🇧🇩🇧🇩🇧🇩🇧🇩🇧🇩🇧🇩🇧🇩🇧🇩🇧🇩🇧🇩🇧🇩🇧🇩🇧🇩🇧🇩🇧🇩🇧🇩🇧🇩🇧🇩🇧🇩🇧🇩🇧🇩🇧🇩🇧🇩🇧🇩🇧🇩🇧🇩🇧🇩🇧🇩🇧🇩🇧🇩🇧🇩🇧🇩🇧🇩🇧🇩🇧🇩🇧🇩🇧🇩🇧🇩🇧🇩🇧🇩🇧🇩🇧🇩🇧🇩🇧🇩🇧🇩🇧🇩🇧🇩🇧🇩🇧🇩🇧🇩🇧🇩🇧🇩🇧🇩🇧🇩🇧🇩🇧🇩🇧🇩🇧🇩🇧🇩🇧🇩🇧🇩🇧🇩🇧🇩🇧🇩🇧🇩🇧🇩🇧🇩🇧🇩🇧🇩🇧🇩🇧🇩🇧🇩🇧🇩🇧🇩🇧🇩🇧🇩🇧🇩🇧🇩🇧🇩🇧🇩🇧🇩🇧🇩🇧🇩🇧🇩🇧🇩🇧🇩🇧🇩🇧🇩🇧🇩🇧🇩🇧🇩🇧🇩🇧🇩🇧🇩🇧🇩🇧🇩🇧🇩🇧🇩🇧🇩🇧🇩🇧🇩🇧🇩🇧🇩🇧🇩🇧🇩🇧🇩🇧🇩🇧🇩🇧🇩🇧🇩🇧🇩🇧🇩🇧🇩🇧🇩🇧🇩🇧🇩🇧🇩🇧🇩🇧🇩🇧🇩🇧🇩🇧🇩🇧🇩🇧🇩🇧🇩🇧🇩🇧🇩🇧🇩🇧🇩🇧🇩🇧🇩🇧🇩🇧🇩🇧🇩🇧🇩🇧🇩🇧🇩🇧🇩🇧🇩🇧🇩🇧🇩🇧🇩🇧🇩🇧🇩🇧🇩🇧🇩🇧🇩🇧🇩🇧🇩🇧🇩🇧🇩🇧🇩🇧🇩🇧🇩🇧🇩🇧🇩🇧🇩🇧🇩🇧🇩🇧🇩🇧🇩🇧🇩🇧🇩🇧🇩🇧🇩🇧🇩🇧🇩🇧🇩🇧🇩🇧🇩🇧🇩🇧🇩🇧🇩🇧🇩🇧🇩🇧🇩🇧🇩🇧🇩🇧🇩🇧🇩🇧🇩🇧🇩🇧🇩🇧🇩🇧🇩🇧🇩🇧🇩🇧🇩🇧🇩🇧🇩🇧🇩🇧🇩🇧🇩🇧🇩🇧🇩🇧🇩🇧🇩🇧🇩🇧🇩🇧🇩🇧🇩🇧🇩🇧🇩🇧🇩🇧🇩🇧🇩🇧🇩🇧🇩🇧🇩🇧🇩🇧🇩🇧🇩🇧🇩🇧🇩🇧🇩🇧🇩🇧🇩🇧🇩🇧🇩🇧🇩🇧🇩🇧🇩🇧🇩🇧🇩🇧🇩🇧🇩🇧🇩🇧🇩🇧🇩🇧🇩🇧🇩🇧🇩🇧🇩🇧🇩🇧🇩🇧🇩🇧🇩🇧🇩🇧🇩🇧🇩🇧🇩🇧🇩🇧🇩🇧🇩🇧🇩🇧🇩🇧🇩🇧🇩🇧🇩🇧🇩🇧🇩🇧🇩🇧🇩🇧🇩🇧🇩🇧🇩🇧🇩🇧🇩🇧🇩🇧🇩🇧🇩🇧🇩🇧🇩🇧🇩🇧🇩🇧🇩🇧🇩🇧🇩🇧🇩🇧🇩🇧🇩🇧🇩🇧🇩🇧🇩🇧🇩🇧🇩🇧🇩🇧🇩🇧🇩🇧🇩🇧🇩🇧🇩🇧🇩🇧🇩🇧🇩🇧🇩🇧🇩🇧🇩🇧🇩🇧🇩🇧🇩🇧🇩🇧🇩🇧🇩🇧🇩🇧🇩🇧🇩,NEGATIVE,0.6970558166503906
UgzIQvuNzrP72iwEXBN4AaABAg,,😮hii,😮hii,NEGATIVE,0.6970558166503906
UgxlzTGG4w6BmH4095h4AaABAg,,Moroko🇲🇦🇲🇦🇲🇦🇲🇦,Moroko🇲🇦🇲🇦🇲🇦🇲🇦,NEGATIVE,0.6970558166503906
UgzGQt287MhCq_Ue8EV4AaABAg,,‏nice🎉❤,‏nice🎉❤,NEGATIVE,0.6970558166503906
UgxhkvYYHWBHSX0hZf94AaABAg,,67😮,67😮,NEGATIVE,0.6970558166503906
UgyhIS_l6l9IJ11s_dB4AaABAg,,🎉,🎉,NEGATIVE,0.6970558166503906
UgzHpt8GEoz29O8U7tl4AaABAg,,❤️❤️❤️,❤️❤️❤️,NEGATIVE,0.6970558166503906
UgwXm3pF_Zbt6oHZKkd4AaABAg,,❤❤❤❤❤❤,❤❤❤❤❤❤,NEGATIVE,0.6970558166503906
UgzDtZ3kgdGKiTLSzap4AaABAg,,❤❤,❤❤,NEGATIVE,0.6970558166503906
UgyvG_8VyuHi3AHMu1Z4AaABAg,,🎉🎉🎉,🎉🎉🎉,NEGATIVE,0.6970558166503906
Ugyz5dxPws_cjabw3aZ4AaABAg,,❤,❤,NEGATIVE,0.6970558166503906
Ugx-Xs7XPQfKaYT4vrh4AaABAg,,🇦🇿🇹🇷,🇦🇿🇹🇷,NEGATIVE,0.6970558166503906
Ugwzw1sbWrHAzTZVyDp4AaABAg,,👍👍👏👏👏,👍👍👏👏👏,NEGATIVE,0.6970558166503906
UgzmphYIIrUJ2wIe2m94AaABAg,,Que,Que,POSITIVE,0.697881817817688
UgyMK0XGdeVVl1HE07N4AaABAg,,Please give me the my school fees for you life,Please give me the my school fees for you life,POSITIVE,0.705152153968811
UgwTA6g2YqHeX0TzZyx4AaABAg,,"Robots are easily repicable. Noah Myles we have 1. This is scary, but an average robot is better than 99% humans in any activity.","Robots are easily repicable. Noah Myles we have 1. This is scary, but an average robot is better than 99% humans in any activity.",POSITIVE,0.7115622758865356
UgybaV_InQoH3Jo5f5p4AaABAg,,Aalu khaoge 🥔🥔🥔🥔🥔,Aalu khaoge 🥔🥔🥔🥔🥔,NEGATIVE,0.7279045581817627
UgyZBJP5eiJmwJ2iNQZ4AaABAg,,Om Namo Vigneshwaraya Namo Namaha,Om Namo Vigneshwaraya Namo Namaha,POSITIVE,0.730094313621521
UgzYMggqSMVbVQLnYkN4AaABAg,,Mr beast and the 67 shirt😂,Mr beast and the 67 shirt😂,POSITIVE,0.7366776466369629
UgzOO2v5_Xv2o-vLPK54AaABAg,,हमें आपसे मदद चाहिए,हमें आपसे मदद चाहिए,NEGATIVE,0.7379165887832642
Ugw1x-IncfhibypCgVN4AaABAg,,in 13:10 you can see the robot has 67 on it,in 13:10 you can see the robot has 67 on it,POSITIVE,0.7393312454223633
Ugw52C4M901G6tv6WSF4AaABAg,,"Mr.beast,your shirt says 67🎉🎉🎉","Mr.beast,your shirt says 67🎉🎉🎉",NEGATIVE,0.7452215552330017
UgxIJWG80mDC6dKvJJ54AaABAg,,اتمنى أن يصل تعليقي هاذا الى مستر بيست احتاج مساعدة لدي طفلين مرضى ولقد تعبت اذهب بهم كل اسبوع إلى الطبيب انا حقا احتاج مساعدة ارجوك لم اعد املك شي بعت كل ممتلكاتي هل تستطيع مساعدتي,اتمنى أن يصل تعليقي هاذا الى مستر بيست احتاج مساعدة لدي طفلين مرضى ولقد تعبت اذهب بهم كل اسبوع إلى الطبيب انا حقا احتاج مساعدة ارجوك لم اعد املك شي بعت كل ممتلكاتي هل تستطيع مساعدتي,NEGATIVE,0.7479336261749268
UgxIjPH7WTzqVpm2wNF4AaABAg,,Ayuda a que este canal se haga famoso @pmtenebroso,Ayuda a que este canal se haga famoso @pmtenebroso,NEGATIVE,0.7495558857917786
UgwNaqyPeYkpY3DwAed4AaABAg,,Ayuda a que este canal se haga famoso @pmtenebroso,Ayuda a que este canal se haga famoso @pmtenebroso,NEGATIVE,0.7495558857917786
UgxsmSqXtCe1Oqbphwl4AaABAg,,Ayuda a que este canal se haga famoso @pmtenebroso,Ayuda a que este canal se haga famoso @pmtenebroso,NEGATIVE,0.7495558857917786
UgwMz7kMAJE4P3ZqK_F4AaABAg,,Ayuda a que este canal se haga famoso @pmtenebroso,Ayuda a que este canal se haga famoso @pmtenebroso,NEGATIVE,0.7495558857917786
UgwCUzyOEck2OQ-EEgZ4AaABAg,,Ayuda a que este canal se haga famoso @pmtenebroso,Ayuda a que este canal se haga famoso @pmtenebroso,NEGATIVE,0.7495558857917786
Ugx4TiReLAYB0UprktV4AaABAg,,Ayuda a que este canal se haga famoso @pmtenebroso,Ayuda a que este canal se haga famoso @pmtenebroso,NEGATIVE,0.7495558857917786
UgyWA3pHa6t7vhMNbPp4AaABAg,,Ayuda a que este canal se haga famoso @pmtenebroso,Ayuda a que este canal se haga famoso @pmtenebroso,NEGATIVE,0.7495558857917786
UgxW53LKqZxQOHbC7fx4AaABAg,,Ayuda a que este canal se haga famoso @pmtenebroso,Ayuda a que este canal se haga famoso @pmtenebroso,NEGATIVE,0.7495558857917786
UgxpyD60yiCCo_3uFcV4AaABAg,,Здорова заебал,Здорова заебал,NEGATIVE,0.7520765662193298
