id,published_at,text,clean,video_id,label
UgyaUHaNft-n21ErTtl4AaABAg,2025-11-26T15:38:09Z,I have one Idea for energy please experience 😁,one idea energy please experience,Ah_uuTwGOYU,NEUTRAL
Ugxl_Hky_h-e8w-oCMV4AaABAg,2025-11-26T18:44:37Z,Bhaiya hame laptop denge,bhaiya hame laptop denge,Ah_uuTwGOYU,NEUTRAL
UgyakIxkehMj7efv6Fd4AaABAg,2025-11-26T15:30:53Z,Wow so amazing 😮😊😢,wow amazing,Ah_uuTwGOYU,POSITIVE
UgyRGgVjsA1P67NWpL54AaABAg,2025-11-26T17:42:59Z,Постанова,,Ah_uuTwGOYU,NEUTRAL
UgzPQ_240Mku6Uy2Ohx4AaABAg,2025-11-26T18:21:51Z,😁😁😁😁😁😁😁😁😁😁😁😁😁😁😁😁😁😁😁😁😁😁😁😁😁😁😁😁😁😁😁😁😁😁😁😁😁😁😁,,Ah_uuTwGOYU,NEUTRAL
Ugx9gYKXqdB1qaOSDmp4AaABAg,2025-11-26T15:16:16Z,Adam I’m subscribed to you bro you disappointed me,adam subscribed bro disappointed,Ah_uuTwGOYU,NEGATIVE
UgyVchfxkj2Pj1s0fW54AaABAg,2025-11-26T15:29:08Z,I am from india ❤,india,Ah_uuTwGOYU,NEUTRAL
UgxuTTYvZjHJPsxbUON4AaABAg,2025-11-26T18:09:36Z,Didn’t expect Eric to be on here,expect eric,Ah_uuTwGOYU,NEUTRAL
Ugx2JUrYJE_G-Sln_1t4AaABAg,2025-11-26T18:46:47Z,Make a video with Max Verstappen pls,make video max verstappen pls,Ah_uuTwGOYU,NEUTRAL
Ugxxp_QmaybqX50Lthp4AaABAg,2025-11-26T14:36:06Z,Neo is a robot or guy who control him?,neo robot guy control,Ah_uuTwGOYU,NEUTRAL
UgxfYz6PgMfxHLCoFNp4AaABAg,2025-11-26T19:23:51Z,"Dang, Georgie! An easy win with an extra weight.",dang georgie easy win extra weight,Ah_uuTwGOYU,POSITIVE
UgyqF_G_5rpF0Wg9x-R4AaABAg,2025-11-26T17:11:00Z,❤❤❤❤❤❤,,Ah_uuTwGOYU,POSITIVE
UgxLjkSOpHJbNRyCu8B4AaABAg,2025-11-26T15:06:04Z,Can I connect MrBeast via email?,connect mrbeast via email,Ah_uuTwGOYU,NEUTRAL
UgyyXSWSdIld8OqfmAN4AaABAg,2025-11-26T18:35:06Z,The man actually held his own — impressive,man actually held impressive,Ah_uuTwGOYU,POSITIVE
UgyzL5VoojL_8rf9SDd4AaABAg,2025-11-26T15:32:36Z,How still don’t have 100m of views,still 100m views,Ah_uuTwGOYU,NEUTRAL
UgxlzTGG4w6BmH4095h4AaABAg,2025-11-26T15:19:56Z,Moroko🇲🇦🇲🇦🇲🇦🇲🇦,moroko,Ah_uuTwGOYU,NEUTRAL
Ugyv-LHJwSKaTexDPvB4AaABAg,2025-11-26T14:08:11Z,11:39 how can you be down by 2 seconds…,11 39 seconds last corner straight line seconds…,Ah_uuTwGOYU,NEGATIVE
UgwCUzyOEck2OQ-EEgZ4AaABAg,2025-11-26T19:11:11Z,Ayuda a que este canal se haga famoso ayuda que…,ayuda que este canal se haga famoso pmtenebroso,Ah_uuTwGOYU,POSITIVE
UgyJfMkMepBbRpyZOh14AaABAg,2025-11-26T16:01:50Z,🎉🎉🎉🎉 Love From India KEDARNATH,love india kedarnath,Ah_uuTwGOYU,POSITIVE
UgyZBJP5eiJmwJ2iNQZ4AaABAg,2025-11-26T15:04:24Z,Om Namo Vigneshwaraya Namo Namaha,om namo vigneshwaraya namo namaha,Ah_uuTwGOYU,NEUTRAL
UgyTNKy25yc3iZfqw-14AaABAg,2025-11-26T14:12:36Z,cool video😆,cool video,Ah_uuTwGOYU,POSITIVE
UgwTLZuKzIAYYRZj2714AaABAg,2025-11-26T14:11:56Z,joined with kabby lame and make one video,joined kabby lame make one video,Ah_uuTwGOYU,NEUTRAL
UgymbtVLHMN7PMqDOCZ4AaABAg,2025-11-26T16:19:19Z,Anyone saw that mrbeasts jersey said 67?,anyone saw mrbeasts jersey said 67,Ah_uuTwGOYU,NEUTRAL
UgyGQfgr7LwFe-SWDe54AaABAg,2025-11-26T15:39:43Z,clankers,clankers,Ah_uuTwGOYU,NEUTRAL
Ugy1ulOP5WMJcyhbESB4AaABAg,2025-11-26T18:41:08Z,"Jistě, robot (řidič) měl v půli trati náskok 2 sekundy…",jist robot trati sekundy prohr sekundy,Ah_uuTwGOYU,NEUTRAL
Ugz988ON0hUKgRAcnBR4AaABAg,2025-11-26T14:31:57Z,Vamos somos mejores,vamos somos mejores,Ah_uuTwGOYU,POSITIVE
Ugz-fsx4vdG5j-wmj2N4AaABAg,2025-11-26T14:07:29Z,Mr beast come to Bangladesh,mr beast come bangladesh,Ah_uuTwGOYU,NEUTRAL
Ugxuiyl5tLVr4I_8ULZ4AaABAg,2025-11-26T17:02:44Z,¡Hello MrBeast! ¿Since when?,hello mrbeast since,Ah_uuTwGOYU,NEUTRAL
UgycYD6bH02n7Tp_jRx4AaABAg,2025-11-26T18:24:06Z,Love From Pakistan 🇵🇰,love pakistan,Ah_uuTwGOYU,POSITIVE
Ugy8IN2nrkknSesVaL94AaABAg,2025-11-26T15:50:45Z,Record of ragnarok in real life,record ragnarok real life,Ah_uuTwGOYU,NEUTRAL
UgxzkIjh2_P-L29RD7F4AaABAg,2025-11-26T14:22:06Z,Nice,nice,Ah_uuTwGOYU,POSITIVE
UgwrjDgXgRkHEgL5Ri94AaABAg,2025-11-26T15:49:58Z,C quoi cette vf toute pourrie ?,quoi cette vf toute pourrie,Ah_uuTwGOYU,NEGATIVE
UgyxnZ6G5n7SZS05rud4AaABAg,2025-11-26T14:42:47Z,0:47 I am very happy 😊😊😊❤,47 happy,Ah_uuTwGOYU,POSITIVE
Ugx2WJdjq_sWJEYt3W54AaABAg,2025-11-26T17:28:15Z,😅😂😂,,Ah_uuTwGOYU,NEUTRAL
Ugx-Xs7XPQfKaYT4vrh4AaABAg,2025-11-26T19:29:07Z,🇦🇿🇹🇷,,Ah_uuTwGOYU,NEUTRAL
UgyRKZbkB0vG6dh54Bl4AaABAg,2025-11-26T15:51:31Z,ggy,ggy,Ah_uuTwGOYU,NEUTRAL
Ugz7eOYHCUMnQGpu98Z4AaABAg,2025-11-26T15:02:26Z,한국에 오시면 저 만나주세요 😊,,Ah_uuTwGOYU,NEUTRAL
UgywJFtdPdYobrBWPwV4AaABAg,2025-11-26T18:45:24Z,Meri bahut wish hai aap se bhaiya,meri bahut wish hai aap se bhaiya,Ah_uuTwGOYU,POSITIVE
UgyZU7XoY0eetLF-dvp4AaABAg,2025-11-26T17:03:21Z,Cool ! Imagine this same challenge 100 years from now 😅,cool imagine challenge 100 years,Ah_uuTwGOYU,POSITIVE
UgwMp_Wbl22hzYzDmNZ4AaABAg,2025-11-26T18:48:18Z,cool,cool,Ah_uuTwGOYU,POSITIVE
UgzY2Niw74WfQ2miuNZ4AaABAg,2025-11-26T15:21:34Z,Look at mr.beast shirt,look mr beast shirt,Ah_uuTwGOYU,NEUTRAL
UgwgrmhKuOrfR3Bdqpx4AaABAg,2025-11-26T18:29:08Z,Mrbeast ❤❤❤ youtuber najaci,mrbeast youtuber najaci,Ah_uuTwGOYU,POSITIVE
Ugw52C4M901G6tv6WSF4AaABAg,2025-11-26T14:15:19Z,"Mr.beast,your shirt says 67🎉🎉🎉",mr beast shirt says 67,Ah_uuTwGOYU,NEUTRAL
Ugwqdaa-RYkkNXnAMbB4AaABAg,2025-11-26T17:17:13Z,don't advertise robots,advertise robots,Ah_uuTwGOYU,NEGATIVE
Ugzz5--W_BKRg5PJpr14AaABAg,2025-11-26T19:08:13Z,67,67,Ah_uuTwGOYU,NEUTRAL
UgykYx8YPzDMvU631Bp4AaABAg,2025-11-26T18:40:59Z,¡¡¡FOR THE HUMANITY!!!,humanity,Ah_uuTwGOYU,POSITIVE
UgzojHX5Pxycs6YVBDZ4AaABAg,2025-11-22T16:57:22Z,Are robots going to take over the world?,robots going take world,Ah_uuTwGOYU,NEUTRAL
UgyYaXGXsh6kEvSZHCx4AaABAg,2025-11-26T19:20:43Z,did the weight loss guy gain again?? 13:40,weight loss guy gain 13 40,Ah_uuTwGOYU,NEUTRAL
UgyGi8T2_-jdSfX6W-d4AaABAg,2025-11-26T14:57:51Z,Bro is the crasy tñ,bro crasy,Ah_uuTwGOYU,NEUTRAL
Ugx4TiReLAYB0UprktV4AaABAg,2025-11-26T17:11:12Z,❤❤❤❤❤❤,,Ah_uuTwGOYU,NEUTRAL
UgwEDowwAUWDP2zZ_RV4AaABAg,2025-11-26T15:02:04Z,Does someone see 67?,someone see 67,Ah_uuTwGOYU,NEUTRAL
Ugx7EZBzOkASrFGSRgt4AaABAg,2025-11-26T17:11:12Z,❤❤❤❤❤❤,,Ah_uuTwGOYU,NEUTRAL
UgwP8jBvcjsqjZnZ56d4AaABAg,2025-11-26T18:52:36Z,Egorik,egorik,Ah_uuTwGOYU,NEUTRAL
UgwrDTCZzQuuCeHtcLl4AaABAg,2025-11-26T17:48:53Z,NO,,Ah_uuTwGOYU,NEGATIVE
UgzCqYyqhWmgZRfH5PB4AaABAg,2025-11-26T19:16:17Z,ارجوكم وصلو تعليقنا لمستر بيست نحنا الطفلين ماريا واسامة,,Ah_uuTwGOYU,NEUTRAL
UgyEA356hU5H5HiKZQ94AaABAg,2025-11-26T17:07:00Z,Im indian 😊😊,im indian,Ah_uuTwGOYU,POSITIVE
Ugx_B8OeNNejsjzNGDV4AaABAg,2025-11-26T18:40:58Z,67,67,Ah_uuTwGOYU,NEUTRAL
Ugw9GZ3OyaAZQU46vgN4AaABAg,2025-11-26T14:08:12Z,I literally just saw a video and the robot …,literally saw video robot end challenge,Ah_uuTwGOYU,NEUTRAL
UgyJ6shUuh_yKD2zyUd4AaABAg,2025-11-26T16:27:57Z,I wanna be in your next video please 🙏,wan na next video please,Ah_uuTwGOYU,POSITIVE
Ugxt4EXeziJuK_dSHx14AaABAg,2025-11-26T16:00:17Z,Plz send me a i phone 12 pro max plz sir…,plz send phone 12 pro max sir sri lanka,Ah_uuTwGOYU,NEUTRAL
UgwTu1vu3ZyEe_oUGX54AaABAg,2025-11-26T14:16:46Z,Please give me a chance to complete your challenge ❤,please give chance complete challenge,Ah_uuTwGOYU,POSITIVE
Ugz7vVcSLy0UuiesYGd4AaABAg,2025-11-26T18:40:39Z,بصوا انا بحبك جدا جدا جدا…,,Ah_uuTwGOYU,POSITIVE
UgyZHmvMK8BUhvyZK994AaABAg,2025-11-26T19:01:32Z,Türkler burda mı 🇹🇷🇹🇷🇹🇷,rkler burda,Ah_uuTwGOYU,NEUTRAL
Ugyc0U7Zm5eaEnjIbCd4AaABAg,2025-11-26T14:35:27Z,بالله خلهم يشغلون محمد عبده في بيست لاند,,Ah_uuTwGOYU,NEUTRAL
UgxiCmQiyfuqecuSfJh4AaABAg,2025-11-26T18:58:21Z,LOL 🤖⁉,lol,Ah_uuTwGOYU,NEUTRAL
Ugzq-GPA-ydhpCSedHN4AaABAg,2025-11-26T16:40:58Z,Nice,nice,Ah_uuTwGOYU,POSITIVE
UgxfzO92lTuz9cgKpxZ4AaABAg,2025-11-26T15:17:59Z,одежда... 67 67 67…,67 67 67 67 …,Ah_uuTwGOYU,NEUTRAL
UgznkpNhB8T4CYP-CZF4AaABAg,2025-11-26T15:40:15Z,I love you Mr Beast❤❤❤❤,love mr beast,Ah_uuTwGOYU,POSITIVE
UgxMM1zuNfGJiFIf1tN4AaABAg,2025-11-26T15:46:04Z,I haven’t watched the video yet…,watched video yet guess robots technology,Ah_uuTwGOYU,NEUTRAL
UgzxRVsJ_kCCWum09iR4AaABAg,2025-11-26T16:19:59Z,That Baseball Pitching robot was funny…,baseball pitching robot funny,Ah_uuTwGOYU,NEUTRAL
Ugx8Kw3hphiPcoVATtJ4AaABAg,2025-11-26T16:16:41Z,"Mr. Beast, I adore you ❤",mr beast adore,Ah_uuTwGOYU,POSITIVE
UgyrEIZNnEoH21tGMiV4AaABAg,2025-11-26T16:01:48Z,Jamaica hurricane… please donate,please donate jamaica hurricane,Ah_uuTwGOYU,NEGATIVE
UgyBrPetkOkOg7WuDq54AaABAg,2025-11-26T16:06:57Z,I love Mr beast ❤,love mr beast,Ah_uuTwGOYU,POSITIVE
UgygeqPaI1LnleByirN4AaABAg,2025-11-26T16:25:50Z,Siri yo también los robots también pueden ganar,siri robots pueden ganar,Ah_uuTwGOYU,NEUTRAL
Ugy0l9eAIyXf_0wkowZ4AaABAg,2025-11-26T18:45:48Z,spoler:peoples won,spoler peoples,Ah_uuTwGOYU,NEUTRAL
UgwKUXOAmpaDUtXr-q54AaABAg,2025-11-26T14:33:54Z,Nice Concept,nice concept,Ah_uuTwGOYU,POSITIVE
Ugznmir_sU4R2vOILvx4AaABAg,2025-11-26T14:28:31Z,Isko pata hai bhai humans ko content kya chahiye,isko pata hai bhai humans content chahiye,Ah_uuTwGOYU,NEUTRAL
Ugxff-vQ1Nqxmj7UuWJ4AaABAg,2025-11-26T17:43:32Z,i think robots will still replace humans,think robots still replace humans,Ah_uuTwGOYU,NEGATIVE
UgwTA6g2YqHeX0TzZyx4AaABAg,2025-11-26T18:37:16Z,Robots are easily repicable… robots better 99% humans,robots easily repicable better humans,Ah_uuTwGOYU,NEUTRAL
Ugyt61e73EKN1Zw6htR4AaABAg,2025-11-26T14:21:06Z,진짜 대단하다 미스터 비스트.,,Ah_uuTwGOYU,POSITIVE
Ugw1owQBeBBbo3m2kd14AaABAg,2025-11-26T17:29:19Z,Podrías hacerme feliz hoy?,podr hacerme feliz hoy,Ah_uuTwGOYU,POSITIVE
Ugyz5dxPws_cjabw3aZ4AaABAg,2025-11-26T16:00:22Z,❤,,Ah_uuTwGOYU,NEUTRAL
Ugyvr6EgqgHyGDjvyuh4AaABAg,2025-11-26T18:32:06Z,It is progress 😮❤,progress,Ah_uuTwGOYU,POSITIVE
Ugz9keqRdXmMuTFsSbF4AaABAg,2025-11-26T17:22:18Z,Please give me money 😂😂😂😂,please give money,Ah_uuTwGOYU,NEUTRAL
UgxQ5RdxifE95n_MiHJ4AaABAg,2025-11-26T14:58:59Z,Es como Shuumatsu no Valkery…,es como shuumatsu valkery,Ah_uuTwGOYU,NEUTRAL
UgzrlylHlyf7rCUymb14AaABAg,2025-11-26T16:02:29Z,7:20 bro… he really wear 67 number?,20 bro really wear 67 number,Ah_uuTwGOYU,NEUTRAL
UgzbECQpB2CZ5e6EMrl4AaABAg,2025-11-26T16:19:55Z,This video is faker than AI videos,video faker ai videos,Ah_uuTwGOYU,NEGATIVE
Ugw9Gfoftmg1pRZ2YWR4AaABAg,2025-11-26T15:27:01Z,Can you give me iPhone 17 pls?,give iphone 17 pls,Ah_uuTwGOYU,NEUTRAL
UgwKFhSn2G9fEMSSmM54AaABAg,2025-11-26T14:23:37Z,Super hit❤❤,super hit,Ah_uuTwGOYU,POSITIVE
UgxVNPSvM0RX0B9Tlqt4AaABAg,2025-11-26T15:37:37Z,SUBCRIBE ❤,subcribe,Ah_uuTwGOYU,POSITIVE
UgwLS3075QsFH9ZnE8R4AaABAg,2025-11-26T15:59:50Z,2:02 mechagodzilla 2021 roar,02 mechagodzilla 2021 roar,Ah_uuTwGOYU,NEUTRAL
UgzEuDMKegfIVmv6rll4AaABAg,2025-11-26T14:49:14Z,Егорик,,Ah_uuTwGOYU,NEUTRAL
UgzzbLAmw92uXM6lMHV4AaABAg,2025-11-26T15:44:06Z,67,67,Ah_uuTwGOYU,NEUTRAL
UgwsXqmKnB5lrRqxBSp4AaABAg,2025-11-26T18:34:14Z,Hi! I want to play,hi want play,Ah_uuTwGOYU,NEUTRAL
UgwCkbJFvsFAmO8SJwN4AaABAg,2025-11-26T18:42:17Z,🏋️🧠,,Ah_uuTwGOYU,NEUTRAL
Ugx3eyPCxb4Y7NvSKGZ4AaABAg,2025-11-26T14:43:02Z,robots going to take over the world?,robots going take world,Ah_uuTwGOYU,NEGATIVE
UgxWIP35_yrVSVDHNHd4AaABAg,2025-11-26T19:18:55Z,Non fai una cosa così in Italy,non fai una cosa cos italy,Ah_uuTwGOYU,NEUTRAL
Ugyc0U7Zm5eaEnjIbCd4AaABAg,2025-11-26T14:35:27Z,بالله خلهم يشغلون محمد عبده في بيست لاند,,Ah_uuTwGOYU,NEUTRAL
UgxiCmQiyfuqecuSfJh4AaABAg,2025-11-26T18:58:21Z,LOL 🤖⁉,lol,Ah_uuTwGOYU,NEUTRAL
Ugzq-GPA-ydhpCSedHN4AaABAg,2025-11-26T16:40:58Z,Nice,nice,Ah_uuTwGOYU,POSITIVE
UgxfzO92lTuz9cgKpxZ4AaABAg,2025-11-26T15:17:59Z,одежда… 67 repeated,67 67 67 67 67 67,Ah_uuTwGOYU,NEUTRAL
UgznkpNhB8T4CYP-CZF4AaABAg,2025-11-26T15:40:15Z,I love you Mr Beast❤❤❤❤,love mr beast,Ah_uuTwGOYU,POSITIVE
UgxMM1zuNfGJiFIf1tN4AaABAg,2025-11-26T15:46:04Z,"Technology not ready, robots lose…",watched video robots lose technology,Ah_uuTwGOYU,NEUTRAL
UgzxRVsJ_kCCWum09iR4AaABAg,2025-11-26T16:19:59Z,Robot pitcher was funny but disappointment,robot funny disappointment,Ah_uuTwGOYU,NEUTRAL
Ugx8Kw3hphiPcoVATtJ4AaABAg,2025-11-26T16:16:41Z,"Mr. Beast, I adore you ❤",mr beast adore,Ah_uuTwGOYU,POSITIVE
UgyrEIZNnEoH21tGMiV4AaABAg,2025-11-26T16:01:48Z,Jamaica hurricane please help,jamaica hurricane help,Ah_uuTwGOYU,NEUTRAL
UgyBrPetkOkOg7WuDq54AaABAg,2025-11-26T16:06:57Z,I love Mr beast ❤,love mr beast,Ah_uuTwGOYU,POSITIVE
UgygeqPaI1LnleByirN4AaABAg,2025-11-26T16:25:50Z,Robots can also win,robots win,Ah_uuTwGOYU,NEUTRAL